account_id,account_name,industry,country,signup_date,referral_source,plan_tier,seats_x,is_trial,churn_flag,total_subscriptions,lifetime_mrr_sum,total_upgrades,total_downgrades,first_start_date,current_plan_tier,seats_y,current_mrr,current_arr,billing_frequency,end_date,tenure_days,total_usage_events,total_errors,distinct_features_used,last_usage_date,days_since_last_usage,total_tickets,avg_satisfaction,escalation_count,latest_churn_reason,churned,revenue_at_risk_arr,recency_score,breadth_score,support_score,satisfaction_score_0_100,health_score,health_tier
A-2e4581,Company_0,EdTech,US,2024-10-16,partner,Basic,9,False,False,10,12603,1,0,2024-10-20,Basic,44,836,10032,monthly,,73,55,38,27,2024-12-10,22,2.0,3.0,0.0,competitor,False,0,75.86206896551724,56.00000000000001,80.0,50.0,66.6,Watch
A-43a9e3,Company_1,FinTech,IN,2023-08-17,other,Basic,18,False,True,8,10004,3,0,2023-09-20,Pro,18,882,10584,monthly,,469,35,14,23,2024-12-29,3,3.0,4.0,0.0,never_churned,True,10584,97.70114942528735,40.0,70.0,75.0,73.2,Healthy
A-0a282f,Company_2,DevTools,US,2024-08-27,organic,Basic,1,False,False,15,18286,1,1,2024-08-31,Pro,2,98,1176,annual,,123,83,48,34,2024-12-22,10,3.0,4.666666666666667,0.0,support,False,0,89.65517241379311,84.0,70.0,91.66666666666667,84.7,Healthy
A-1f0ac7,Company_3,HealthTech,UK,2023-08-27,other,Basic,24,True,False,7,9275,2,0,2023-12-04,Pro,24,1176,14112,monthly,,394,41,21,26,2024-12-11,21,2.0,,0.0,support,False,0,77.01149425287356,52.0,80.0,74.10407725321888,70.8,Healthy
A-ce550d,Company_4,HealthTech,US,2024-10-27,event,Enterprise,35,False,True,9,48761,2,0,2024-10-28,Enterprise,109,21691,260292,monthly,2024-12-31,64,58,31,32,2024-12-23,9,7.0,3.8,1.0,budget,True,260292,90.80459770114942,76.0,10.0,70.0,66.8,Watch
A-1b9609,Company_5,EdTech,IN,2023-10-12,ads,Enterprise,4,False,False,11,16810,0,0,2023-12-01,Enterprise,25,0,0,annual,,397,47,21,28,2024-11-20,42,4.0,3.0,0.0,unknown,False,0,52.87356321839081,60.0,60.0,50.0,55.5,Watch
A-a0ca4e,Company_6,Cybersecurity,US,2024-03-08,ads,Pro,11,False,False,9,16633,0,0,2024-03-16,Enterprise,26,5174,62088,monthly,,291,39,14,26,2024-12-17,15,6.0,3.8,3.0,never_churned,False,0,83.9080459770115,52.0,0.0,70.0,56.4,Watch
A-e5d6ab,Company_7,EdTech,US,2023-04-15,partner,Pro,3,False,False,10,13048,0,0,2023-05-11,Pro,32,1568,18816,annual,,601,41,23,29,2024-12-02,30,3.0,,0.0,competitor,False,0,66.66666666666667,64.0,70.0,74.10407725321888,68.2,Watch
A-7dacce,Company_8,Cybersecurity,CA,2024-09-10,event,Enterprise,12,False,True,10,23057,1,0,2024-09-10,Pro,12,0,0,annual,,113,48,29,27,2024-12-29,3,4.0,3.6666666666666665,0.0,budget,True,0,97.70114942528735,56.00000000000001,60.0,66.66666666666666,73.5,Healthy
A-10b8da,Company_9,DevTools,US,2023-05-08,partner,Enterprise,14,False,True,6,8787,1,0,2023-05-12,Pro,34,1666,19992,monthly,,600,27,14,23,2024-12-23,9,3.0,3.5,0.0,never_churned,True,19992,90.80459770114942,40.0,70.0,62.5,68.3,Watch
A-592832,Company_10,Cybersecurity,US,2024-09-25,organic,Basic,18,False,True,19,32571,1,1,2024-09-26,Pro,18,882,10584,annual,,97,101,55,38,2024-12-30,2,3.0,5.0,0.0,support,True,10584,98.85057471264368,100.0,70.0,100.0,93.6,Healthy
A-d40bf7,Company_11,FinTech,IN,2024-11-08,organic,Basic,59,False,False,10,43247,1,0,2024-11-09,Basic,59,1121,13452,monthly,,53,55,22,29,2024-11-21,41,2.0,5.0,0.0,never_churned,False,0,54.02298850574713,64.0,80.0,100.0,70.9,Healthy
A-6c093d,Company_12,DevTools,US,2023-04-14,partner,Basic,7,True,False,12,16242,2,0,2023-04-30,Enterprise,7,0,0,annual,,612,64,30,30,2024-12-30,2,3.0,5.0,1.0,never_churned,False,0,98.85057471264368,68.0,50.0,100.0,81.6,Healthy
A-462d45,Company_13,Cybersecurity,US,2024-01-15,partner,Enterprise,11,True,False,12,23432,1,2,2024-01-16,Pro,30,1470,17640,annual,,351,69,26,34,2024-12-16,16,4.0,4.0,0.0,competitor,False,0,82.75862068965517,84.0,60.0,75.0,77.0,Healthy
A-956988,Company_14,EdTech,UK,2024-11-30,ads,Enterprise,1,False,False,13,29407,0,1,2024-12-01,Enterprise,32,6368,76416,annual,,31,70,49,32,2024-12-24,8,2.0,3.0,0.0,unknown,False,0,91.95402298850574,76.0,80.0,50.0,77.2,Healthy
A-ac14bb,Company_15,FinTech,US,2023-09-08,partner,Enterprise,21,False,False,8,27746,2,0,2023-09-27,Basic,28,532,6384,annual,,462,54,42,31,2024-12-18,14,2.0,4.0,0.0,competitor,False,0,85.05747126436782,72.0,80.0,75.0,78.8,Healthy
A-463db0,Company_16,HealthTech,US,2024-12-05,partner,Basic,15,False,False,7,13266,0,0,2024-12-09,Pro,15,735,8820,annual,,23,37,13,25,2024-12-27,5,6.0,4.25,1.0,features,False,0,95.40229885057471,48.0,20.0,81.25,65.6,Watch
A-ce66f8,Company_17,EdTech,CA,2023-08-23,event,Pro,29,False,False,6,11858,0,0,2023-08-24,Pro,29,1421,17052,annual,,496,46,19,29,2024-12-31,1,6.0,3.5,0.0,never_churned,False,0,100.0,64.0,40.0,62.5,71.5,Healthy
A-c4ea60,Company_18,FinTech,DE,2023-03-09,other,Enterprise,18,False,True,9,14646,0,1,2023-04-11,Enterprise,18,3582,42984,monthly,,631,43,18,28,2024-12-11,21,5.0,3.6,0.0,never_churned,True,42984,77.01149425287356,60.0,50.0,65.0,65.0,Watch
A-832ec2,Company_19,FinTech,UK,2023-11-19,event,Enterprise,4,True,False,8,9299,3,0,2024-01-02,Enterprise,22,4378,52536,annual,,365,49,25,31,2024-12-23,9,3.0,4.0,1.0,pricing,False,0,90.80459770114942,72.0,50.0,75.0,74.8,Healthy
A-684255,Company_20,FinTech,US,2024-04-14,ads,Enterprise,9,False,False,14,11844,3,1,2024-04-14,Basic,9,0,0,annual,2024-12-26,256,66,44,34,2024-12-08,24,4.0,4.666666666666667,1.0,unknown,False,0,73.5632183908046,84.0,40.0,91.66666666666667,73.1,Healthy
A-c42f1f,Company_21,HealthTech,US,2024-07-28,other,Pro,8,False,False,8,5175,1,1,2024-07-28,Basic,8,152,1824,monthly,,157,35,20,24,2024-10-30,63,9.0,4.0,1.0,never_churned,False,0,28.735632183908038,44.0,0.0,75.0,36.1,At Risk
A-4e44e8,Company_22,DevTools,US,2024-08-20,ads,Enterprise,3,False,True,14,36445,2,0,2024-08-23,Enterprise,17,3383,40596,annual,,131,69,37,32,2024-11-24,38,3.0,3.333333333333333,0.0,budget,True,40596,57.4712643678161,76.0,70.0,58.33333333333333,64.8,Watch
A-30b4ca,Company_23,EdTech,IN,2024-05-20,organic,Basic,86,False,True,8,75938,0,0,2024-05-24,Basic,86,1634,19608,annual,,222,42,22,28,2024-12-22,10,3.0,4.0,0.0,features,True,19608,89.65517241379311,60.0,70.0,75.0,75.4,Healthy
A-9f2731,Company_24,FinTech,IN,2024-10-04,event,Enterprise,1,False,False,7,3613,0,1,2024-10-12,Pro,5,0,0,annual,,81,32,20,23,2024-12-19,13,0.0,,0.0,unknown,False,0,86.20689655172414,40.0,100.0,74.10407725321888,75.0,Healthy
A-32fb14,Company_25,DevTools,US,2023-03-07,event,Enterprise,26,False,True,9,10162,2,0,2023-07-18,Enterprise,26,5174,62088,annual,,533,47,19,27,2024-12-25,7,5.0,4.5,0.0,competitor,True,62088,93.10344827586206,56.00000000000001,50.0,87.5,74.1,Healthy
A-00cac8,Company_26,HealthTech,AU,2023-09-15,organic,Enterprise,8,True,False,9,14121,0,1,2023-09-16,Pro,19,931,11172,annual,,473,58,31,30,2024-12-24,8,2.0,,0.0,never_churned,False,0,91.95402298850574,68.0,80.0,74.10407725321888,80.0,Healthy
A-35083d,Company_27,HealthTech,IN,2023-04-28,partner,Basic,19,False,True,16,32433,3,0,2023-06-03,Enterprise,49,9751,117012,monthly,,578,72,37,29,2024-12-29,3,4.0,5.0,0.0,never_churned,True,117012,97.70114942528735,64.0,60.0,100.0,82.2,Healthy
A-eb7fac,Company_28,DevTools,US,2023-10-28,organic,Enterprise,7,False,False,10,42096,0,0,2023-12-26,Basic,26,494,5928,monthly,,372,53,44,27,2024-12-19,13,4.0,4.0,0.0,unknown,False,0,86.20689655172414,56.00000000000001,60.0,75.0,71.2,Healthy
A-b20d99,Company_29,HealthTech,IN,2023-09-27,other,Basic,20,False,False,7,11069,1,0,2024-01-26,Enterprise,20,3980,47760,monthly,,341,33,12,22,2024-09-23,100,2.0,3.5,0.0,features,False,0,0.0,36.0,80.0,62.5,37.5,At Risk
A-396e5f,Company_30,Cybersecurity,CA,2024-10-02,other,Enterprise,2,False,False,10,10236,2,1,2024-10-02,Pro,34,1666,19992,monthly,,91,55,23,29,2024-12-25,7,5.0,4.0,1.0,features,False,0,93.10344827586206,64.0,30.0,75.0,69.6,Watch
A-45ce7a,Company_31,FinTech,US,2023-07-23,ads,Enterprise,16,False,False,7,8216,2,1,2023-08-18,Enterprise,16,3184,38208,monthly,,502,39,30,21,2024-12-24,8,5.0,3.6666666666666665,0.0,never_churned,False,0,91.95402298850574,32.0,50.0,66.66666666666666,63.5,Watch
A-08e34e,Company_32,EdTech,US,2024-06-27,event,Basic,14,False,True,11,21821,0,0,2024-07-01,Enterprise,14,2786,33432,monthly,,184,63,32,34,2024-12-30,2,3.0,3.0,0.0,features,True,33432,98.85057471264368,84.0,70.0,50.0,79.6,Healthy
A-8145a0,Company_33,Cybersecurity,AU,2023-04-25,partner,Basic,2,True,False,12,17260,2,0,2023-08-07,Basic,15,285,3420,monthly,,513,64,27,32,2024-12-26,6,6.0,4.0,0.0,features,False,0,94.25287356321839,76.0,40.0,75.0,75.0,Healthy
A-bad8c1,Company_34,FinTech,AU,2023-03-01,organic,Basic,7,False,False,7,7797,2,0,2023-06-12,Pro,37,1813,21756,monthly,,569,37,11,29,2024-12-24,8,1.0,4.0,0.0,unknown,False,0,91.95402298850574,64.0,90.0,75.0,81.2,Healthy
A-44dc83,Company_35,EdTech,FR,2024-05-12,other,Basic,5,False,False,4,456,0,0,2024-06-17,Enterprise,13,0,0,annual,,198,24,13,16,2024-10-09,84,7.0,4.6,0.0,unknown,False,0,4.597701149425291,12.0,30.0,89.99999999999999,28.6,At Risk
A-f446b6,Company_36,DevTools,DE,2023-05-12,ads,Pro,5,True,False,9,11392,0,0,2023-05-28,Basic,5,95,1140,annual,,584,39,31,27,2024-12-14,18,8.0,4.25,1.0,never_churned,False,0,80.45977011494253,56.00000000000001,0.0,81.25,58.4,Watch
A-a45270,Company_37,HealthTech,US,2024-06-24,ads,Enterprise,3,False,False,12,20131,2,1,2024-07-12,Basic,66,0,0,annual,,173,71,53,35,2024-12-25,7,4.0,4.0,0.0,pricing,False,0,93.10344827586206,88.0,60.0,75.0,81.6,Healthy
A-854864,Company_38,FinTech,IN,2024-12-07,event,Enterprise,20,False,False,6,14759,0,0,2024-12-09,Pro,20,980,11760,annual,,23,24,10,17,2024-12-15,17,5.0,4.8,0.0,support,False,0,81.60919540229885,16.0,50.0,95.0,61.6,Watch
A-1b7577,Company_39,Cybersecurity,US,2024-10-27,other,Pro,4,False,False,11,8771,0,1,2024-10-28,Pro,41,2009,24108,monthly,,65,62,33,33,2024-12-20,12,5.0,4.0,0.0,never_churned,False,0,87.35632183908046,80.0,50.0,75.0,75.6,Healthy
A-05f0e5,Company_40,FinTech,US,2023-05-04,partner,Basic,32,False,False,12,51109,2,0,2023-06-11,Pro,58,2842,34104,annual,,570,67,46,32,2024-12-30,2,4.0,4.0,0.0,features,False,0,98.85057471264368,76.0,60.0,75.0,80.6,Healthy
A-9077b0,Company_41,HealthTech,US,2024-08-25,ads,Basic,2,False,False,7,3565,3,0,2024-08-26,Enterprise,2,398,4776,annual,,128,46,31,26,2024-11-18,44,3.0,4.333333333333333,0.0,never_churned,False,0,50.57471264367816,52.0,70.0,83.33333333333333,61.4,Watch
A-7f8241,Company_42,EdTech,US,2023-03-14,organic,Pro,34,False,True,15,39516,2,0,2023-03-27,Enterprise,34,6766,81192,monthly,,646,77,38,34,2024-12-21,11,1.0,3.0,0.0,never_churned,True,81192,88.50574712643679,84.0,90.0,50.0,80.0,Healthy
A-2bc93d,Company_43,HealthTech,US,2023-03-14,event,Basic,14,False,False,13,32394,4,0,2023-07-19,Pro,35,1715,20580,monthly,,532,67,31,33,2024-12-07,25,2.0,4.5,0.0,competitor,False,0,72.41379310344828,80.0,80.0,87.5,78.8,Healthy
A-f3ff05,Company_44,FinTech,IN,2024-07-06,other,Enterprise,2,False,False,13,19465,1,0,2024-08-01,Basic,30,570,6840,monthly,,153,66,36,28,2024-12-31,1,3.0,3.5,0.0,unknown,False,0,100.0,60.0,70.0,62.5,76.5,Healthy
A-2d4502,Company_45,FinTech,IN,2024-04-29,event,Basic,7,False,False,10,29071,2,0,2024-04-30,Enterprise,34,6766,81192,annual,,246,47,19,29,2024-12-07,25,3.0,5.0,0.0,pricing,False,0,72.41379310344828,64.0,70.0,100.0,75.3,Healthy
A-6a4e2d,Company_46,EdTech,UK,2023-04-07,partner,Pro,9,False,False,11,10394,2,1,2023-05-29,Pro,14,686,8232,annual,2024-11-07,528,59,31,27,2024-12-24,8,2.0,4.5,1.0,budget,False,0,91.95402298850574,56.00000000000001,60.0,87.5,75.7,Healthy
A-eb7c38,Company_47,DevTools,AU,2024-02-25,organic,Enterprise,5,False,False,15,38210,3,1,2024-04-11,Basic,33,627,7524,annual,,265,70,27,33,2024-12-15,17,5.0,4.333333333333333,0.0,budget,False,0,81.60919540229885,80.0,50.0,83.33333333333333,75.2,Healthy
A-c37601,Company_48,EdTech,US,2024-10-31,partner,Basic,6,True,False,12,20475,0,0,2024-11-01,Enterprise,54,10746,128952,monthly,,61,48,21,28,2024-12-07,25,4.0,3.6666666666666665,0.0,support,False,0,72.41379310344828,60.0,60.0,66.66666666666666,65.7,Watch
A-3b5cd1,Company_49,FinTech,US,2023-09-12,event,Basic,13,True,False,13,23676,2,1,2023-09-30,Enterprise,32,6368,76416,annual,,459,52,24,27,2024-12-21,11,5.0,4.0,0.0,unknown,False,0,88.50574712643679,56.00000000000001,50.0,75.0,70.0,Watch
A-b2225d,Company_50,FinTech,US,2024-03-08,ads,Basic,47,False,True,12,19088,1,1,2024-04-02,Basic,47,893,10716,annual,,274,73,60,34,2024-12-08,24,2.0,3.0,0.0,budget,True,10716,73.5632183908046,84.0,80.0,50.0,72.7,Healthy
A-94f8c9,Company_51,HealthTech,US,2024-03-29,other,Basic,13,False,False,16,31989,2,1,2024-04-05,Enterprise,13,2587,31044,monthly,,271,77,63,33,2024-12-03,29,3.0,5.0,0.0,budget,False,0,67.816091954023,80.0,70.0,100.0,77.7,Healthy
A-02fac6,Company_52,FinTech,US,2023-04-06,event,Pro,22,False,False,11,26410,1,0,2023-10-21,Pro,22,1078,12936,monthly,,438,53,34,32,2024-12-27,5,6.0,4.0,0.0,support,False,0,95.40229885057471,76.0,40.0,75.0,75.4,Healthy
A-c1dfe1,Company_53,DevTools,DE,2023-08-07,ads,Pro,26,False,False,8,25790,1,2,2023-10-26,Basic,26,494,5928,monthly,,433,39,30,24,2024-12-23,9,3.0,4.0,0.0,features,False,0,90.80459770114942,44.0,70.0,75.0,71.8,Healthy
A-32728c,Company_54,DevTools,US,2023-01-03,event,Pro,20,False,True,8,4498,1,0,2023-04-04,Basic,42,798,9576,annual,,638,41,22,26,2024-12-14,18,2.0,3.5,0.0,budget,True,9576,80.45977011494253,52.0,80.0,62.5,69.7,Watch
A-4c38bc,Company_55,HealthTech,UK,2024-03-09,event,Basic,36,False,True,16,48060,2,0,2024-03-17,Pro,36,1764,21168,annual,2024-12-28,286,81,27,37,2024-12-29,3,3.0,3.5,0.0,never_churned,True,21168,97.70114942528735,96.0,70.0,62.5,84.7,Healthy
A-1b707d,Company_56,Cybersecurity,US,2023-07-14,organic,Enterprise,1,False,False,8,9332,1,0,2023-11-14,Basic,2,0,0,annual,,414,38,12,27,2024-12-13,19,3.0,,0.0,competitor,False,0,79.3103448275862,56.00000000000001,70.0,74.10407725321888,70.6,Healthy
A-6f8ad2,Company_57,EdTech,IN,2024-07-09,organic,Basic,1,False,False,17,25928,2,1,2024-07-22,Basic,41,779,9348,annual,,163,88,59,38,2024-12-31,1,4.0,4.333333333333333,0.0,never_churned,False,0,100.0,100.0,60.0,83.33333333333333,88.7,Healthy
A-4d1e75,Company_58,DevTools,US,2024-08-21,other,Basic,20,False,False,13,31390,3,1,2024-09-07,Basic,20,380,4560,monthly,,116,51,25,28,2024-12-15,17,2.0,4.0,0.0,budget,False,0,81.60919540229885,60.0,80.0,75.0,74.6,Healthy
A-9ee962,Company_59,HealthTech,US,2023-02-28,ads,Basic,9,False,True,9,9420,3,1,2023-06-23,Basic,9,171,2052,annual,,558,39,17,25,2024-12-25,7,3.0,4.0,0.0,support,True,2052,93.10344827586206,48.0,70.0,75.0,73.6,Healthy
A-378b99,Company_60,EdTech,UK,2024-09-01,ads,Pro,8,True,False,12,12116,1,1,2024-09-10,Pro,16,784,9408,annual,,113,58,38,33,2024-12-31,1,6.0,4.5,0.0,pricing,False,0,100.0,80.0,40.0,87.5,80.5,Healthy
A-94d3da,Company_61,HealthTech,US,2023-05-03,other,Basic,41,False,False,12,22673,1,0,2023-06-03,Basic,41,779,9348,monthly,,578,48,25,29,2024-12-19,13,6.0,3.5,0.0,competitor,False,0,86.20689655172414,64.0,40.0,62.5,66.7,Watch
A-e351e1,Company_62,EdTech,US,2024-09-26,other,Enterprise,33,False,False,5,3498,0,0,2024-09-27,Basic,33,627,7524,annual,2024-12-29,93,29,22,18,2024-12-14,18,4.0,3.75,0.0,support,False,0,80.45977011494253,20.0,60.0,68.75,58.9,Watch
A-9badbd,Company_63,Cybersecurity,DE,2024-06-19,ads,Enterprise,5,True,False,13,32477,0,0,2024-06-29,Enterprise,59,11741,140892,monthly,2024-12-30,184,70,45,33,2024-12-25,7,5.0,5.0,0.0,never_churned,False,0,93.10344827586206,80.0,50.0,100.0,82.6,Healthy
A-7e0a10,Company_64,FinTech,US,2023-11-18,ads,Enterprise,46,False,False,10,41116,1,0,2023-11-29,Enterprise,70,13930,167160,annual,,399,50,35,34,2024-12-14,18,5.0,4.0,0.0,budget,False,0,80.45977011494253,84.0,50.0,75.0,74.2,Healthy
A-118d55,Company_65,Cybersecurity,US,2024-10-22,organic,Basic,8,False,False,12,23919,3,4,2024-10-26,Enterprise,29,5771,69252,monthly,2024-12-31,66,60,33,29,2024-12-30,2,5.0,4.333333333333333,0.0,pricing,False,0,98.85057471264368,64.0,50.0,83.33333333333333,77.3,Healthy
A-526d93,Company_66,HealthTech,FR,2024-04-14,organic,Basic,43,False,False,9,39201,2,0,2024-04-19,Enterprise,43,8557,102684,annual,2024-11-10,205,56,45,28,2024-12-22,10,5.0,3.5,1.0,support,False,0,89.65517241379311,60.0,30.0,62.5,64.9,Watch
A-f92792,Company_67,FinTech,US,2024-07-04,ads,Pro,1,False,False,14,18807,1,1,2024-07-07,Basic,19,361,4332,annual,,178,53,31,32,2024-12-27,5,2.0,4.0,0.0,features,False,0,95.40229885057471,76.0,80.0,75.0,83.4,Healthy
A-84ebe4,Company_68,FinTech,US,2023-03-12,ads,Pro,18,True,True,11,27994,0,0,2023-05-10,Enterprise,36,7164,85968,monthly,,602,42,26,27,2024-12-16,16,4.0,4.0,0.0,support,True,85968,82.75862068965517,56.00000000000001,60.0,75.0,70.0,Watch
A-5b4ebb,Company_69,Cybersecurity,UK,2024-07-10,other,Basic,21,True,True,13,27803,1,0,2024-07-11,Pro,30,1470,17640,annual,,174,70,25,34,2024-12-25,7,5.0,4.75,0.0,never_churned,True,17640,93.10344827586206,84.0,50.0,93.75,82.3,Healthy
A-2922b6,Company_70,HealthTech,US,2024-11-14,organic,Basic,15,False,False,6,10669,1,0,2024-12-05,Pro,20,980,11760,annual,,27,37,13,27,2024-12-18,14,2.0,4.0,0.0,competitor,False,0,85.05747126436782,56.00000000000001,80.0,75.0,74.8,Healthy
A-9b9fe9,Company_71,EdTech,AU,2023-09-28,other,Basic,5,False,False,12,19725,0,1,2023-10-16,Enterprise,50,9950,119400,monthly,,443,58,22,30,2024-12-15,17,4.0,4.0,0.0,features,False,0,81.60919540229885,68.0,60.0,75.0,72.6,Healthy
A-a8b49c,Company_72,Cybersecurity,UK,2023-10-06,partner,Basic,7,False,False,12,11567,1,0,2023-10-14,Pro,7,343,4116,annual,,445,54,43,27,2024-12-25,7,1.0,4.0,0.0,features,False,0,93.10344827586206,56.00000000000001,90.0,75.0,79.6,Healthy
A-9174e0,Company_73,Cybersecurity,US,2024-12-04,partner,Basic,37,False,False,15,53976,2,0,2024-12-06,Enterprise,37,7363,88356,annual,,26,69,61,34,2024-12-29,3,2.0,5.0,0.0,never_churned,False,0,97.70114942528735,84.0,80.0,100.0,91.2,Healthy
A-a1bbb6,Company_74,DevTools,CA,2023-04-05,organic,Basic,1,False,False,8,14402,0,0,2023-04-17,Pro,15,0,0,annual,,625,37,20,23,2024-12-30,2,3.0,4.0,0.0,never_churned,False,0,98.85057471264368,40.0,70.0,75.0,73.6,Healthy
A-c45b23,Company_75,FinTech,UK,2023-12-08,partner,Basic,5,False,False,12,8504,0,0,2023-12-29,Enterprise,26,5174,62088,annual,2024-12-15,352,59,30,32,2024-12-23,9,3.0,3.0,0.0,support,False,0,90.80459770114942,76.0,70.0,50.0,74.8,Healthy
A-02cd81,Company_76,HealthTech,IN,2024-03-28,other,Basic,44,False,False,14,32956,0,0,2024-03-28,Pro,44,2156,25872,annual,,279,72,28,31,2024-12-26,6,3.0,4.5,1.0,pricing,False,0,94.25287356321839,72.0,50.0,87.5,78.5,Healthy
A-ee42db,Company_77,EdTech,DE,2023-04-25,ads,Enterprise,13,False,False,12,11567,1,1,2023-05-01,Basic,30,570,6840,monthly,,611,54,33,31,2024-12-26,6,4.0,3.0,0.0,unknown,False,0,94.25287356321839,72.0,60.0,50.0,73.0,Healthy
A-432483,Company_78,Cybersecurity,US,2023-02-06,ads,Pro,4,False,False,9,25813,1,0,2023-04-02,Pro,31,1519,18228,annual,,640,45,28,25,2024-12-12,20,1.0,,0.0,never_churned,False,0,78.16091954022988,48.0,90.0,74.10407725321888,72.2,Healthy
A-9208f0,Company_79,EdTech,US,2023-05-11,organic,Pro,1,False,True,8,3511,1,0,2023-05-15,Basic,17,0,0,annual,,597,53,31,29,2024-12-11,21,8.0,3.333333333333333,1.0,features,True,0,77.01149425287356,64.0,0.0,58.33333333333333,54.6,Watch
A-98a59a,Company_80,FinTech,UK,2023-08-04,partner,Enterprise,56,False,False,10,36456,2,1,2023-09-02,Pro,56,2744,32928,annual,,487,44,21,27,2024-12-31,1,3.0,4.5,0.0,support,False,0,100.0,56.00000000000001,70.0,87.5,80.5,Healthy
A-fe79a5,Company_81,HealthTech,IN,2024-02-21,ads,Basic,9,True,False,10,13532,2,0,2024-03-02,Enterprise,9,1791,21492,annual,,305,33,17,22,2024-12-08,24,4.0,5.0,0.0,never_churned,False,0,73.5632183908046,36.0,60.0,100.0,66.7,Watch
A-726cfa,Company_82,DevTools,US,2023-07-01,partner,Pro,11,False,False,19,34782,2,0,2023-07-15,Enterprise,38,7562,90744,monthly,,536,98,45,40,2024-12-26,6,3.0,4.0,0.0,support,False,0,94.25287356321839,100.0,70.0,75.0,87.0,Healthy
A-c43359,Company_83,FinTech,US,2024-11-16,organic,Pro,38,False,False,8,12312,2,1,2024-11-18,Basic,38,722,8664,monthly,,44,47,32,28,2024-12-29,3,3.0,4.0,0.0,support,False,0,97.70114942528735,60.0,70.0,75.0,78.2,Healthy
A-271f46,Company_84,DevTools,US,2023-02-09,event,Pro,38,False,True,8,19604,0,0,2023-03-29,Enterprise,46,9154,109848,monthly,,644,38,16,25,2024-12-20,12,1.0,,0.0,features,True,109848,87.35632183908046,48.0,90.0,74.10407725321888,75.4,Healthy
A-157070,Company_85,FinTech,US,2023-11-09,ads,Pro,16,False,False,16,27506,2,1,2023-12-12,Basic,38,722,8664,annual,2024-12-26,380,71,26,37,2024-12-28,4,3.0,3.0,1.0,features,False,0,96.55172413793103,96.0,50.0,50.0,77.8,Healthy
A-40a557,Company_86,Cybersecurity,AU,2023-12-03,partner,Pro,16,True,False,9,23324,1,0,2024-01-11,Enterprise,16,3184,38208,monthly,,356,39,17,25,2024-12-26,6,7.0,3.6666666666666665,0.0,budget,False,0,94.25287356321839,48.0,30.0,66.66666666666666,64.3,Watch
A-66224b,Company_87,HealthTech,US,2024-10-18,other,Pro,92,True,False,12,69184,0,0,2024-10-20,Enterprise,92,0,0,annual,,73,61,29,34,2024-12-04,28,6.0,3.5,0.0,never_churned,False,0,68.9655172413793,84.0,40.0,62.5,65.6,Watch
A-91e948,Company_88,EdTech,AU,2023-01-29,partner,Basic,41,False,False,7,21894,2,0,2023-08-14,Enterprise,41,8159,97908,monthly,,506,40,16,23,2024-12-26,6,0.0,,0.0,never_churned,False,0,94.25287356321839,40.0,100.0,74.10407725321888,77.8,Healthy
A-104f1a,Company_89,Cybersecurity,US,2024-08-17,other,Pro,24,False,False,8,12617,0,0,2024-09-02,Basic,34,646,7752,monthly,,121,44,22,28,2024-12-15,17,5.0,3.75,1.0,unknown,False,0,81.60919540229885,60.0,30.0,68.75,63.3,Watch
A-7988d1,Company_90,Cybersecurity,US,2023-12-20,other,Basic,33,False,False,9,10692,0,0,2024-03-12,Basic,33,0,0,monthly,,295,46,28,31,2024-12-23,9,3.0,4.333333333333333,0.0,unknown,False,0,90.80459770114942,72.0,70.0,83.33333333333333,80.4,Healthy
A-faa28c,Company_91,HealthTech,US,2024-01-30,organic,Enterprise,48,False,False,14,58404,3,0,2024-02-05,Pro,48,2352,28224,monthly,,331,59,24,25,2024-12-28,4,4.0,4.666666666666667,1.0,features,False,0,96.55172413793103,48.0,40.0,91.66666666666667,72.1,Healthy
A-f25509,Company_92,EdTech,US,2024-03-22,other,Enterprise,32,False,False,5,16122,0,1,2024-05-28,Basic,57,1083,12996,annual,,218,23,15,17,2024-12-28,4,6.0,4.666666666666667,0.0,features,False,0,96.55172413793103,16.0,40.0,91.66666666666667,64.1,Watch
A-3a7284,Company_93,FinTech,US,2024-11-17,organic,Enterprise,31,False,False,12,35519,1,2,2024-11-28,Pro,31,1519,18228,annual,,34,60,30,33,2024-12-22,10,3.0,3.5,0.0,unknown,False,0,89.65517241379311,80.0,70.0,62.5,77.9,Healthy
A-3a5ad8,Company_94,HealthTech,US,2023-12-05,organic,Enterprise,9,True,False,13,28701,1,1,2023-12-18,Enterprise,22,0,0,annual,,380,52,23,27,2024-12-15,17,4.0,4.5,0.0,never_churned,False,0,81.60919540229885,56.00000000000001,60.0,87.5,72.1,Healthy
A-65a46c,Company_95,HealthTech,US,2023-11-04,event,Pro,1,False,False,8,22675,2,0,2024-03-05,Pro,35,1715,20580,annual,,302,38,21,24,2024-12-26,6,8.0,4.0,0.0,never_churned,False,0,94.25287356321839,44.0,20.0,75.0,63.0,Watch
A-8b25f2,Company_96,Cybersecurity,US,2024-02-17,ads,Pro,6,False,True,13,14048,1,2,2024-02-19,Enterprise,13,2587,31044,monthly,,317,54,20,29,2024-12-27,5,2.0,4.0,0.0,never_churned,True,31044,95.40229885057471,64.0,80.0,75.0,80.4,Healthy
A-fabe19,Company_97,DevTools,UK,2024-11-11,ads,Enterprise,1,False,False,7,20497,2,0,2024-11-23,Enterprise,1,0,0,monthly,,39,33,16,20,2024-12-25,7,3.0,4.0,0.0,never_churned,False,0,93.10344827586206,28.000000000000004,70.0,75.0,68.6,Watch
A-adc1f3,Company_98,Cybersecurity,US,2024-08-05,organic,Pro,2,False,False,9,26608,0,0,2024-08-10,Enterprise,5,995,11940,monthly,,144,36,26,24,2024-12-22,10,3.0,3.5,0.0,never_churned,False,0,89.65517241379311,44.0,70.0,62.5,68.9,Watch
A-503d5a,Company_99,FinTech,US,2023-10-21,other,Enterprise,4,False,True,12,17884,0,1,2023-10-21,Enterprise,56,11144,133728,annual,,438,59,32,34,2024-12-15,17,9.0,4.0,0.0,never_churned,True,133728,81.60919540229885,84.0,10.0,75.0,66.6,Watch
A-fd7ad3,Company_100,Cybersecurity,US,2024-11-01,event,Enterprise,1,False,False,10,3831,2,0,2024-11-02,Basic,29,551,6612,monthly,,60,56,42,31,2024-11-25,37,8.0,4.166666666666667,1.0,unknown,False,0,58.62068965517241,72.0,0.0,79.16666666666667,54.4,Watch
A-186a44,Company_101,HealthTech,US,2023-08-07,ads,Enterprise,20,False,False,14,20989,1,1,2023-08-23,Basic,20,380,4560,monthly,2024-12-25,490,61,25,30,2024-11-27,35,7.0,3.5,0.0,never_churned,False,0,60.91954022988506,68.0,30.0,62.5,56.8,Watch
A-e888d1,Company_102,Cybersecurity,US,2023-03-28,other,Pro,14,False,False,11,13646,1,0,2023-05-11,Pro,17,833,9996,monthly,,601,52,36,31,2024-12-19,13,5.0,4.0,1.0,features,False,0,86.20689655172414,72.0,30.0,75.0,69.2,Watch
A-69fad4,Company_103,FinTech,UK,2023-04-06,ads,Basic,6,False,True,7,8721,0,0,2023-07-24,Pro,13,0,0,monthly,,527,39,24,24,2024-12-15,17,4.0,3.6666666666666665,0.0,support,True,0,81.60919540229885,44.0,60.0,66.66666666666666,64.9,Watch
A-9289f6,Company_104,EdTech,US,2023-05-31,event,Enterprise,1,False,False,12,13096,2,0,2023-07-04,Pro,25,1225,14700,annual,,547,68,38,33,2024-11-29,33,6.0,4.333333333333333,0.0,support,False,0,63.2183908045977,80.0,40.0,83.33333333333333,66.8,Watch
A-f19409,Company_105,DevTools,US,2023-03-16,other,Basic,23,False,True,12,34136,2,0,2023-04-22,Basic,35,665,7980,annual,,620,62,31,33,2024-12-27,5,3.0,4.0,0.0,features,True,7980,95.40229885057471,80.0,70.0,75.0,82.4,Healthy
A-22f2df,Company_106,DevTools,US,2024-12-14,ads,Basic,3,False,False,9,7451,1,1,2024-12-16,Basic,11,209,2508,annual,,16,42,17,25,2024-12-09,23,5.0,5.0,0.0,never_churned,False,0,74.71264367816092,48.0,50.0,100.0,68.1,Watch
A-039727,Company_107,EdTech,AU,2024-11-02,organic,Pro,25,False,False,15,36420,3,2,2024-11-07,Enterprise,25,4975,59700,annual,2024-12-30,53,74,32,33,2024-12-22,10,0.0,,0.0,pricing,False,0,89.65517241379311,80.0,100.0,74.10407725321888,86.2,Healthy
A-2e3bad,Company_108,FinTech,CA,2023-08-13,other,Pro,61,False,False,10,45872,0,0,2023-08-19,Basic,61,1159,13908,monthly,2024-12-27,496,45,26,25,2024-11-12,50,5.0,3.5,0.0,features,False,0,43.67816091954023,48.0,50.0,62.5,49.8,Watch
A-484819,Company_109,HealthTech,US,2023-02-21,organic,Pro,18,False,False,8,20604,3,0,2023-02-23,Enterprise,18,3582,42984,monthly,,678,33,20,22,2024-12-21,11,5.0,4.5,0.0,support,False,0,88.50574712643679,36.0,50.0,87.5,67.5,Watch
A-425e76,Company_110,DevTools,UK,2023-05-17,other,Enterprise,8,False,True,11,17111,1,0,2023-06-21,Enterprise,9,1791,21492,annual,,560,48,24,29,2024-12-21,11,5.0,3.333333333333333,1.0,competitor,True,21492,88.50574712643679,64.0,30.0,58.33333333333333,64.6,Watch
A-e83938,Company_111,DevTools,UK,2023-11-21,other,Pro,2,True,True,8,7503,2,0,2024-02-08,Basic,54,1026,12312,annual,,328,31,18,22,2024-12-15,17,4.0,3.0,0.0,budget,True,12312,81.60919540229885,36.0,60.0,50.0,59.6,Watch
A-ad296b,Company_112,DevTools,AU,2024-07-15,event,Pro,38,False,False,6,18430,0,0,2024-07-23,Pro,38,1862,22344,annual,,162,31,12,24,2024-12-14,18,3.0,3.6666666666666665,1.0,never_churned,False,0,80.45977011494253,44.0,50.0,66.66666666666666,62.5,Watch
A-e51ec7,Company_113,FinTech,CA,2023-09-23,partner,Enterprise,2,False,False,8,24076,2,1,2023-11-27,Enterprise,10,1990,23880,monthly,,401,40,18,26,2024-12-05,27,3.0,5.0,0.0,budget,False,0,70.11494252873563,52.0,70.0,100.0,71.5,Healthy
A-0aaf6e,Company_114,FinTech,US,2024-05-11,organic,Enterprise,3,False,False,9,24084,0,0,2024-06-16,Enterprise,18,3582,42984,monthly,,199,57,39,25,2024-12-23,9,5.0,4.0,0.0,never_churned,False,0,90.80459770114942,48.0,50.0,75.0,68.8,Watch
A-e61e98,Company_115,FinTech,US,2023-10-20,partner,Enterprise,19,False,True,9,13484,2,0,2023-11-05,Enterprise,34,6766,81192,annual,,423,56,25,32,2024-12-27,5,6.0,4.6,1.0,features,True,81192,95.40229885057471,76.0,20.0,89.99999999999999,74.4,Healthy
A-92a333,Company_116,FinTech,US,2023-03-24,event,Enterprise,9,False,False,6,10659,0,1,2023-08-04,Basic,9,171,2052,monthly,,516,36,30,22,2024-12-20,12,4.0,,1.0,never_churned,False,0,87.35632183908046,36.0,40.0,74.10407725321888,62.4,Watch
A-95b24a,Company_117,FinTech,US,2023-06-06,event,Pro,38,False,True,11,25034,4,1,2023-07-14,Pro,38,0,0,annual,,537,62,34,32,2024-12-31,1,5.0,4.25,0.0,never_churned,True,0,100.0,76.0,50.0,81.25,80.2,Healthy
A-42e5e1,Company_118,DevTools,US,2024-07-09,ads,Pro,1,False,True,7,8916,1,1,2024-07-21,Pro,10,490,5880,annual,,164,41,41,24,2024-12-26,6,3.0,4.0,0.0,pricing,True,5880,94.25287356321839,44.0,70.0,75.0,73.0,Healthy
A-7d514c,Company_119,HealthTech,DE,2024-02-03,organic,Enterprise,17,False,False,9,24274,2,0,2024-02-13,Enterprise,17,3383,40596,monthly,,323,48,30,30,2024-12-11,21,3.0,5.0,0.0,never_churned,False,0,77.01149425287356,68.0,70.0,100.0,78.0,Healthy
A-65aeb5,Company_120,DevTools,US,2024-01-25,partner,Pro,9,False,False,12,34392,0,1,2024-02-02,Basic,9,171,2052,annual,2024-12-03,305,55,40,30,2024-12-11,21,2.0,5.0,0.0,budget,False,0,77.01149425287356,68.0,80.0,100.0,80.0,Healthy
A-e2cd1b,Company_121,DevTools,US,2024-02-04,other,Enterprise,15,False,False,9,12548,1,0,2024-02-22,Enterprise,16,3184,38208,annual,,314,49,18,29,2024-12-25,7,5.0,4.0,0.0,never_churned,False,0,93.10344827586206,64.0,50.0,75.0,73.6,Healthy
A-180abf,Company_122,DevTools,US,2023-08-14,event,Pro,64,False,True,9,37312,2,0,2023-09-16,Pro,64,3136,37632,monthly,,473,48,28,29,2024-12-17,15,3.0,3.0,0.0,support,True,37632,83.9080459770115,64.0,70.0,50.0,69.4,Watch
A-f17767,Company_123,DevTools,US,2023-01-30,event,Enterprise,1,True,True,14,16139,3,1,2023-02-15,Pro,15,735,8820,annual,,686,69,38,35,2024-12-25,7,3.0,4.0,1.0,pricing,True,8820,93.10344827586206,88.0,50.0,75.0,79.6,Healthy
A-5a184f,Company_124,DevTools,DE,2023-06-19,other,Enterprise,1,False,True,10,20683,0,1,2023-08-31,Basic,36,684,8208,annual,2024-12-13,470,57,29,30,2024-12-10,22,3.0,4.333333333333333,0.0,support,True,8208,75.86206896551724,68.0,70.0,83.33333333333333,74.2,Healthy
A-7df7a7,Company_125,DevTools,US,2023-01-28,organic,Basic,7,False,True,15,29155,0,2,2023-02-05,Enterprise,30,5970,71640,annual,,696,91,47,36,2024-12-19,13,3.0,4.0,1.0,budget,True,71640,86.20689655172414,92.0,50.0,75.0,78.2,Healthy
A-1ac5e0,Company_126,DevTools,US,2024-10-20,event,Basic,33,False,True,10,18249,0,0,2024-10-24,Enterprise,33,0,0,monthly,,69,56,31,31,2024-12-11,21,7.0,3.8,0.0,never_churned,True,0,77.01149425287356,72.0,30.0,70.0,65.0,Watch
A-52dd88,Company_127,Cybersecurity,US,2023-02-21,ads,Pro,23,False,False,11,16592,1,0,2023-03-26,Pro,30,1470,17640,annual,,647,50,33,28,2024-11-22,40,1.0,,0.0,never_churned,False,0,55.172413793103445,60.0,90.0,74.10407725321888,67.1,Watch
A-bece89,Company_128,Cybersecurity,IN,2023-12-01,event,Pro,26,False,False,6,19250,1,0,2024-01-18,Pro,38,1862,22344,annual,,349,19,13,16,2024-12-28,4,4.0,4.0,1.0,unknown,False,0,96.55172413793103,12.0,40.0,75.0,59.8,Watch
A-029f69,Company_129,Cybersecurity,CA,2024-03-07,event,Basic,3,False,False,16,14638,2,0,2024-05-09,Basic,34,646,7752,annual,,237,84,42,37,2024-12-31,1,2.0,3.0,0.0,competitor,False,0,100.0,96.0,80.0,50.0,85.0,Healthy
A-5c046d,Company_130,EdTech,FR,2024-07-06,partner,Basic,93,False,False,8,83886,0,0,2024-07-23,Enterprise,93,18507,222084,annual,,162,46,23,27,2024-12-17,15,1.0,3.0,0.0,never_churned,False,0,83.9080459770115,56.00000000000001,90.0,50.0,71.4,Healthy
A-fb186e,Company_131,EdTech,IN,2024-10-27,organic,Basic,29,False,False,3,5771,0,0,2024-11-16,Enterprise,29,0,0,annual,,46,20,7,15,2024-10-28,65,6.0,3.6666666666666665,0.0,never_churned,False,0,26.436781609195407,8.0,40.0,66.66666666666666,32.6,At Risk
A-ae052e,Company_132,FinTech,CA,2023-09-11,other,Basic,39,False,False,6,7693,1,1,2024-01-22,Basic,39,0,0,annual,,345,29,12,24,2024-12-01,31,4.0,4.0,0.0,competitor,False,0,65.51724137931035,44.0,60.0,75.0,60.9,Watch
A-9f9299,Company_133,FinTech,US,2023-09-02,organic,Enterprise,28,True,False,15,42403,0,0,2023-11-24,Pro,28,1372,16464,annual,,404,85,54,37,2024-12-26,6,5.0,5.0,0.0,competitor,False,0,94.25287356321839,96.0,50.0,100.0,87.0,Healthy
A-96e141,Company_134,DevTools,UK,2023-08-12,partner,Basic,14,False,False,7,15468,0,0,2023-10-14,Enterprise,25,4975,59700,monthly,,445,36,19,26,2024-12-17,15,5.0,4.333333333333333,0.0,budget,False,0,83.9080459770115,52.0,50.0,83.33333333333333,69.0,Watch
A-117171,Company_135,HealthTech,FR,2024-09-12,organic,Basic,45,False,True,5,12015,0,1,2024-10-02,Pro,45,2205,26460,annual,2024-12-17,76,21,11,15,2024-12-11,21,6.0,3.6666666666666665,1.0,pricing,True,26460,77.01149425287356,8.0,20.0,66.66666666666666,46.3,Watch
A-313be3,Company_136,EdTech,US,2023-11-15,partner,Enterprise,47,True,False,11,19006,1,0,2023-11-25,Pro,47,2303,27636,monthly,,403,57,40,33,2024-12-19,13,4.0,5.0,1.0,features,False,0,86.20689655172414,80.0,40.0,100.0,78.2,Healthy
A-671f31,Company_137,DevTools,US,2024-11-24,ads,Basic,59,False,False,6,30385,0,1,2024-11-27,Enterprise,82,0,0,annual,,35,17,16,13,2024-12-25,7,7.0,4.2,0.0,never_churned,False,0,93.10344827586206,0.0,30.0,80.0,54.6,Watch
A-bbc346,Company_138,FinTech,US,2024-08-29,partner,Enterprise,19,False,False,13,33122,3,2,2024-08-31,Pro,19,0,0,annual,,123,62,37,34,2024-12-23,9,3.0,4.5,0.0,competitor,False,0,90.80459770114942,84.0,70.0,87.5,84.3,Healthy
A-c16101,Company_139,EdTech,IN,2024-09-06,other,Basic,7,False,False,10,12422,1,1,2024-09-06,Pro,7,343,4116,monthly,,117,55,29,31,2024-12-20,12,4.0,5.0,1.0,features,False,0,87.35632183908046,72.0,40.0,100.0,76.6,Healthy
A-50f3f7,Company_140,HealthTech,US,2023-12-22,partner,Basic,31,False,True,15,44077,0,2,2024-01-05,Enterprise,31,6169,74028,annual,,362,72,45,30,2024-12-28,4,6.0,5.0,1.0,never_churned,True,74028,96.55172413793103,68.0,20.0,100.0,74.8,Healthy
A-7da956,Company_141,Cybersecurity,US,2024-06-02,event,Pro,13,True,False,12,10963,1,2,2024-06-15,Enterprise,15,2985,35820,monthly,,200,51,35,28,2024-12-22,10,3.0,5.0,0.0,never_churned,False,0,89.65517241379311,60.0,70.0,100.0,80.4,Healthy
A-019782,Company_142,DevTools,FR,2023-04-19,event,Enterprise,11,False,False,9,8353,1,0,2023-06-08,Enterprise,15,0,0,annual,,573,55,30,28,2024-12-20,12,2.0,3.0,0.0,never_churned,False,0,87.35632183908046,60.0,80.0,50.0,71.6,Healthy
A-df10db,Company_143,DevTools,US,2023-06-06,other,Enterprise,2,True,False,11,11730,2,0,2023-08-25,Enterprise,12,2388,28656,monthly,,495,64,40,31,2024-12-24,8,2.0,3.0,1.0,competitor,False,0,91.95402298850574,72.0,60.0,50.0,72.2,Healthy
A-3932db,Company_144,HealthTech,CA,2023-10-04,other,Pro,19,True,True,9,14087,2,1,2023-12-10,Enterprise,19,0,0,monthly,,388,46,28,28,2024-12-21,11,6.0,4.333333333333333,0.0,never_churned,True,0,88.50574712643679,60.0,40.0,83.33333333333333,70.6,Healthy
A-4f18f0,Company_145,DevTools,CA,2024-04-21,other,Pro,24,True,False,12,30264,0,1,2024-04-25,Basic,24,456,5472,monthly,,251,57,25,33,2024-12-22,10,5.0,4.0,0.0,features,False,0,89.65517241379311,80.0,50.0,75.0,76.4,Healthy
A-4c6f11,Company_146,FinTech,CA,2023-11-27,organic,Pro,24,True,True,5,7586,0,1,2024-03-30,Basic,24,456,5472,monthly,,277,24,4,20,2024-12-23,9,3.0,4.333333333333333,0.0,competitor,True,5472,90.80459770114942,28.000000000000004,70.0,83.33333333333333,69.4,Watch
A-8ae05d,Company_147,FinTech,IN,2024-04-06,other,Enterprise,86,False,False,7,26230,0,0,2024-06-01,Enterprise,86,0,0,monthly,,214,20,10,16,2024-12-24,8,1.0,4.0,0.0,unknown,False,0,91.95402298850574,12.0,90.0,75.0,68.2,Watch
A-b78bf8,Company_148,DevTools,US,2024-11-15,event,Pro,33,False,False,8,22423,1,1,2024-11-17,Pro,33,1617,19404,monthly,,45,42,11,24,2024-12-06,26,5.0,4.2,0.0,unknown,False,0,71.26436781609195,44.0,50.0,80.0,61.9,Watch
A-eafc6e,Company_149,DevTools,US,2023-07-06,partner,Pro,27,False,True,7,16229,0,0,2023-08-08,Basic,30,0,0,monthly,,512,32,15,23,2024-11-30,32,1.0,,0.0,unknown,True,0,64.36781609195401,40.0,90.0,74.10407725321888,65.3,Watch
A-37f969,Company_150,HealthTech,IN,2023-10-14,partner,Enterprise,30,False,False,8,22959,2,0,2023-10-24,Enterprise,30,5970,71640,annual,,435,32,14,25,2024-12-25,7,5.0,3.6666666666666665,1.0,competitor,False,0,93.10344827586206,48.0,30.0,66.66666666666666,63.9,Watch
A-10b8f2,Company_151,HealthTech,DE,2023-01-11,organic,Basic,47,True,False,12,30719,1,0,2023-02-05,Pro,48,2352,28224,annual,,696,56,23,29,2024-12-26,6,3.0,4.333333333333333,0.0,support,False,0,94.25287356321839,64.0,70.0,83.33333333333333,79.7,Healthy
A-439b2f,Company_152,DevTools,US,2024-02-21,ads,Enterprise,1,False,True,6,1796,1,0,2024-03-09,Pro,26,1274,15288,monthly,,298,20,5,14,2024-12-29,3,3.0,,0.0,features,True,15288,97.70114942528735,4.0,70.0,74.10407725321888,64.0,Watch
A-544d0a,Company_153,DevTools,US,2024-05-02,organic,Basic,2,True,False,10,18492,1,2,2024-05-24,Enterprise,2,398,4776,annual,,222,47,22,27,2024-12-18,14,2.0,4.0,1.0,never_churned,False,0,85.05747126436782,56.00000000000001,60.0,75.0,70.8,Healthy
A-ba6516,Company_154,FinTech,US,2023-10-29,ads,Pro,27,False,False,13,28379,1,3,2024-01-10,Enterprise,27,5373,64476,annual,,357,60,32,31,2024-12-19,13,6.0,4.0,0.0,budget,False,0,86.20689655172414,72.0,40.0,75.0,71.2,Healthy
A-712426,Company_155,HealthTech,US,2024-11-10,other,Enterprise,9,False,False,15,11197,2,0,2024-11-10,Enterprise,63,0,0,annual,,52,70,31,32,2024-12-27,5,6.0,4.4,0.0,features,False,0,95.40229885057471,76.0,40.0,85.00000000000001,77.4,Healthy
A-038089,Company_156,DevTools,FR,2023-12-19,other,Pro,5,False,True,3,2104,0,0,2024-06-27,Basic,5,95,1140,annual,,188,20,15,15,2024-11-28,34,6.0,3.6666666666666665,0.0,features,True,1140,62.06896551724138,8.0,40.0,66.66666666666666,45.1,Watch
A-afa505,Company_157,DevTools,US,2023-12-27,partner,Basic,70,True,False,9,66010,2,1,2024-01-08,Enterprise,70,13930,167160,monthly,,359,51,28,33,2024-12-30,2,4.0,3.0,1.0,support,False,0,98.85057471264368,80.0,40.0,50.0,72.6,Healthy
A-d5a319,Company_158,FinTech,US,2023-05-04,other,Enterprise,15,False,True,12,37847,3,2,2023-06-27,Enterprise,15,2985,35820,annual,,554,59,43,32,2024-12-20,12,1.0,4.0,1.0,never_churned,True,35820,87.35632183908046,76.0,70.0,75.0,78.6,Healthy
A-f97b9a,Company_159,FinTech,US,2023-07-09,event,Pro,16,False,False,11,23833,1,0,2023-09-10,Pro,16,784,9408,annual,,479,56,33,29,2024-12-29,3,7.0,3.6666666666666665,0.0,never_churned,False,0,97.70114942528735,64.0,30.0,66.66666666666666,69.5,Watch
A-2f6a32,Company_160,HealthTech,US,2024-08-26,organic,Basic,19,False,False,11,7513,1,0,2024-09-16,Basic,19,361,4332,annual,,107,66,46,32,2024-12-27,5,2.0,3.5,0.0,never_churned,False,0,95.40229885057471,76.0,80.0,62.5,80.9,Healthy
A-856b1e,Company_161,FinTech,US,2023-10-31,partner,Basic,19,False,False,6,6321,1,0,2023-11-02,Basic,19,0,0,monthly,,426,23,24,17,2024-12-07,25,5.0,,1.0,never_churned,False,0,72.41379310344828,16.0,30.0,74.10407725321888,50.2,Watch
A-17939a,Company_162,HealthTech,US,2024-12-26,organic,Basic,1,False,False,11,9669,0,0,2024-12-26,Basic,14,266,3192,annual,,6,47,43,25,2024-12-04,28,7.0,4.5,0.0,never_churned,False,0,68.9655172413793,48.0,30.0,87.5,59.6,Watch
A-d27f50,Company_163,Cybersecurity,UK,2024-07-20,ads,Enterprise,44,False,False,12,44815,1,0,2024-07-22,Basic,44,836,10032,annual,2024-12-29,160,50,31,29,2024-12-19,13,4.0,3.75,0.0,never_churned,False,0,86.20689655172414,64.0,60.0,68.75,71.9,Healthy
A-e36807,Company_164,EdTech,AU,2024-05-17,other,Pro,6,False,False,10,12569,0,0,2024-06-01,Enterprise,9,1791,21492,monthly,,214,49,27,27,2024-12-29,3,2.0,4.5,0.0,never_churned,False,0,97.70114942528735,56.00000000000001,80.0,87.5,81.7,Healthy
A-ff79f2,Company_165,DevTools,US,2024-04-25,ads,Basic,8,False,True,9,27873,2,0,2024-05-29,Enterprise,19,3781,45372,annual,2024-12-31,216,41,12,24,2024-11-22,40,2.0,,0.0,never_churned,True,45372,55.172413793103445,44.0,80.0,74.10407725321888,61.1,Watch
A-5b1bcd,Company_166,DevTools,US,2023-09-16,organic,Pro,73,False,False,15,133298,3,0,2023-09-23,Pro,73,3577,42924,annual,,466,86,54,34,2024-12-31,1,4.0,4.5,0.0,competitor,False,0,100.0,84.0,60.0,87.5,85.5,Healthy
A-71615e,Company_167,EdTech,US,2024-05-18,organic,Basic,15,False,False,13,40713,3,0,2024-06-27,Pro,15,735,8820,annual,,188,62,41,29,2024-12-22,10,1.0,,0.0,pricing,False,0,89.65517241379311,64.0,90.0,74.10407725321888,80.2,Healthy
A-794a0b,Company_168,HealthTech,DE,2023-06-02,organic,Basic,23,False,False,7,10575,0,0,2023-08-07,Enterprise,31,6169,74028,monthly,,513,38,31,28,2024-12-20,12,0.0,,0.0,budget,False,0,87.35632183908046,60.0,100.0,74.10407725321888,80.4,Healthy
A-86902e,Company_169,HealthTech,IN,2023-05-02,other,Enterprise,34,False,False,10,36041,2,0,2023-07-21,Enterprise,34,6766,81192,annual,,530,63,36,32,2024-12-12,20,9.0,3.5,0.0,features,False,0,78.16091954022988,76.0,10.0,62.5,60.9,Watch
A-0532a9,Company_170,FinTech,IN,2024-09-25,event,Pro,19,False,False,10,15161,4,1,2024-09-26,Pro,19,931,11172,annual,,97,54,30,30,2024-12-25,7,8.0,3.0,0.0,pricing,False,0,93.10344827586206,68.0,20.0,50.0,63.6,Watch
A-9779ad,Company_171,Cybersecurity,AU,2024-03-29,event,Pro,40,True,True,10,51680,0,0,2024-04-07,Enterprise,40,7960,95520,monthly,,269,43,25,29,2024-12-20,12,3.0,5.0,0.0,features,True,95520,87.35632183908046,64.0,70.0,100.0,80.6,Healthy
A-f45426,Company_172,HealthTech,US,2024-08-05,organic,Basic,9,False,False,11,17289,0,3,2024-08-05,Pro,9,441,5292,monthly,,149,61,49,33,2024-12-26,6,3.0,4.0,0.0,pricing,False,0,94.25287356321839,80.0,70.0,75.0,82.0,Healthy
A-c1e51e,Company_173,FinTech,US,2024-10-02,organic,Basic,3,False,False,10,23905,1,1,2024-10-20,Basic,41,779,9348,annual,2024-12-31,72,50,36,28,2024-12-25,7,5.0,3.2,0.0,support,False,0,93.10344827586206,60.0,50.0,55.00000000000001,68.6,Watch
A-fa3095,Company_174,FinTech,US,2023-09-03,ads,Basic,70,False,False,12,69230,0,0,2023-09-18,Basic,70,1330,15960,annual,,471,59,42,31,2024-12-15,17,5.0,5.0,0.0,support,False,0,81.60919540229885,72.0,50.0,100.0,76.6,Healthy
A-ad64c6,Company_175,DevTools,UK,2024-02-23,event,Pro,12,False,False,6,14708,0,0,2024-03-07,Enterprise,28,5572,66864,annual,,300,20,18,16,2024-11-11,51,4.0,5.0,0.0,unknown,False,0,42.52873563218391,12.0,60.0,100.0,49.9,Watch
A-39b19f,Company_176,FinTech,US,2023-02-03,partner,Enterprise,1,False,False,11,21237,1,1,2023-02-23,Basic,13,247,2964,monthly,,678,55,37,30,2024-10-14,79,6.0,4.25,1.0,unknown,False,0,10.34482758620689,68.0,20.0,81.25,40.9,Watch
A-56962b,Company_177,EdTech,UK,2024-04-09,partner,Enterprise,163,False,False,7,54605,1,0,2024-05-15,Enterprise,163,32437,389244,monthly,,231,29,25,16,2024-11-20,42,4.0,3.0,0.0,pricing,False,0,52.87356321839081,12.0,60.0,50.0,43.5,Watch
A-e60f9d,Company_178,FinTech,US,2024-08-26,other,Basic,29,False,False,15,50817,0,2,2024-09-17,Basic,38,722,8664,annual,2024-12-28,102,62,24,30,2024-10-29,64,2.0,,0.0,never_churned,False,0,27.58620689655173,68.0,80.0,74.10407725321888,57.5,Watch
A-88c6ca,Company_179,FinTech,DE,2024-10-25,ads,Basic,5,False,True,7,6449,0,0,2024-11-01,Pro,23,1127,13524,annual,,61,43,19,27,2024-12-27,5,1.0,,0.0,never_churned,True,13524,95.40229885057471,56.00000000000001,90.0,74.10407725321888,80.2,Healthy
A-158f4e,Company_180,FinTech,IN,2023-03-03,other,Enterprise,61,False,False,12,43859,0,0,2023-06-02,Enterprise,61,12139,145668,monthly,,579,49,29,32,2024-11-22,40,5.0,4.333333333333333,0.0,features,False,0,55.172413793103445,76.0,50.0,83.33333333333333,65.0,Watch
A-5b051a,Company_181,Cybersecurity,US,2024-08-05,event,Enterprise,22,False,False,4,2332,0,0,2024-09-18,Pro,22,1078,12936,monthly,,105,16,17,14,2024-12-07,25,1.0,3.0,0.0,never_churned,False,0,72.41379310344828,4.0,90.0,50.0,54.3,Watch
A-296d7c,Company_182,DevTools,DE,2023-11-08,other,Enterprise,2,False,False,7,1989,0,0,2024-01-30,Pro,6,294,3528,annual,,337,33,18,21,2024-11-26,36,5.0,3.75,0.0,budget,False,0,59.770114942528735,32.0,50.0,68.75,52.7,Watch
A-1619f8,Company_183,DevTools,US,2024-05-20,organic,Pro,29,False,False,7,19790,1,0,2024-06-09,Basic,29,551,6612,monthly,,206,42,26,27,2024-12-07,25,3.0,5.0,0.0,budget,False,0,72.41379310344828,56.00000000000001,70.0,100.0,73.3,Healthy
A-a1b80b,Company_184,HealthTech,US,2023-11-27,organic,Basic,16,False,False,16,34589,3,1,2024-03-11,Pro,16,0,0,annual,,296,72,48,33,2024-12-27,5,4.0,4.0,0.0,budget,False,0,95.40229885057471,80.0,60.0,75.0,80.4,Healthy
A-139c3b,Company_185,HealthTech,US,2024-11-21,organic,Enterprise,10,True,True,8,9027,1,0,2024-11-26,Basic,21,0,0,annual,,36,44,16,27,2024-12-29,3,9.0,4.5,0.0,never_churned,True,0,97.70114942528735,56.00000000000001,10.0,87.5,67.7,Watch
A-702032,Company_186,HealthTech,US,2023-10-03,ads,Pro,28,False,False,6,8540,1,0,2024-04-24,Pro,28,1372,16464,annual,2024-12-21,241,26,15,19,2024-12-02,30,4.0,3.0,0.0,competitor,False,0,66.66666666666667,24.0,60.0,50.0,51.3,Watch
A-7a0d69,Company_187,DevTools,DE,2024-06-15,ads,Enterprise,4,True,True,11,10362,2,0,2024-07-21,Enterprise,16,3184,38208,monthly,,164,61,31,31,2024-12-23,9,2.0,5.0,0.0,budget,True,38208,90.80459770114942,72.0,80.0,100.0,85.8,Healthy
A-22d9d2,Company_188,DevTools,FR,2024-03-22,event,Pro,8,False,False,14,18746,2,1,2024-03-27,Pro,32,1568,18816,monthly,2024-12-20,268,75,43,35,2024-12-20,12,6.0,4.0,1.0,pricing,False,0,87.35632183908046,88.0,20.0,75.0,71.6,Healthy
A-b9eed8,Company_189,Cybersecurity,US,2024-02-23,organic,Basic,11,False,False,11,16577,0,3,2024-03-16,Basic,18,342,4104,monthly,,291,61,55,29,2024-12-30,2,5.0,3.75,1.0,pricing,False,0,98.85057471264368,64.0,30.0,68.75,70.3,Healthy
A-dfbd31,Company_190,DevTools,UK,2023-12-04,partner,Enterprise,14,False,False,14,25079,1,1,2023-12-10,Basic,14,266,3192,monthly,,388,54,19,27,2024-12-14,18,6.0,4.25,0.0,unknown,False,0,80.45977011494253,56.00000000000001,40.0,81.25,66.4,Watch
A-8e47ca,Company_191,HealthTech,US,2024-02-15,organic,Pro,19,False,False,9,28120,1,0,2024-02-27,Enterprise,25,4975,59700,monthly,2024-12-09,286,46,35,29,2024-12-04,28,5.0,4.0,1.0,support,False,0,68.9655172413793,64.0,30.0,75.0,61.1,Watch
A-4437e4,Company_192,Cybersecurity,US,2023-09-16,event,Enterprise,3,False,False,16,17831,4,1,2023-11-17,Basic,9,171,2052,annual,,411,83,43,37,2024-12-10,22,6.0,3.0,2.0,features,False,0,75.86206896551724,96.0,0.0,50.0,60.6,Watch
A-779e4e,Company_193,HealthTech,US,2023-01-02,organic,Basic,5,False,False,10,28081,2,1,2023-01-09,Basic,98,1862,22344,annual,,723,44,20,28,2024-12-20,12,5.0,4.0,0.0,never_churned,False,0,87.35632183908046,60.0,50.0,75.0,70.6,Healthy
A-53f4e3,Company_194,Cybersecurity,UK,2024-06-14,event,Enterprise,13,False,False,10,15072,0,0,2024-06-17,Pro,29,1421,17052,monthly,,198,44,45,29,2024-12-20,12,5.0,4.0,0.0,competitor,False,0,87.35632183908046,64.0,50.0,75.0,71.6,Healthy
A-692f18,Company_195,EdTech,US,2024-03-28,other,Basic,5,True,True,17,30550,2,1,2024-03-29,Enterprise,28,5572,66864,annual,2024-12-17,263,87,55,36,2024-12-23,9,2.0,5.0,0.0,support,True,66864,90.80459770114942,92.0,80.0,100.0,90.8,Healthy
A-13466a,Company_196,DevTools,AU,2023-10-22,event,Basic,2,False,True,6,13343,0,0,2023-11-18,Basic,9,171,2052,annual,,410,22,14,17,2024-12-19,13,3.0,4.333333333333333,1.0,pricing,True,2052,86.20689655172414,16.0,50.0,83.33333333333333,60.8,Watch
A-1986ca,Company_197,HealthTech,IN,2023-01-30,ads,Pro,20,False,False,7,27661,1,0,2023-07-06,Enterprise,20,3980,47760,monthly,,545,37,23,26,2024-11-23,39,7.0,3.4,0.0,never_churned,False,0,56.32183908045977,52.0,30.0,60.0,50.7,Watch
A-0cc442,Company_198,EdTech,US,2024-07-18,organic,Basic,45,False,False,13,61935,3,1,2024-07-27,Enterprise,45,8955,107460,annual,,158,77,41,34,2024-12-20,12,3.0,3.0,0.0,budget,False,0,87.35632183908046,84.0,70.0,50.0,75.6,Healthy
A-c608c8,Company_199,DevTools,DE,2023-04-27,ads,Pro,3,False,True,8,9514,1,1,2023-06-30,Pro,21,1029,12348,annual,,551,43,27,29,2024-12-31,1,2.0,3.0,0.0,support,True,12348,100.0,64.0,80.0,50.0,77.0,Healthy
A-3be56b,Company_200,HealthTech,IN,2023-10-26,event,Pro,3,False,True,12,17040,1,1,2023-11-22,Basic,20,380,4560,annual,,406,55,33,28,2024-12-29,3,4.0,3.5,0.0,pricing,True,4560,97.70114942528735,60.0,60.0,62.5,73.7,Healthy
A-354f12,Company_201,FinTech,US,2024-04-28,ads,Pro,1,True,False,4,8889,0,1,2024-05-28,Basic,7,133,1596,monthly,,218,15,3,14,2024-12-16,16,2.0,,0.0,competitor,False,0,82.75862068965517,4.0,80.0,74.10407725321888,60.8,Watch
A-68f37c,Company_202,HealthTech,US,2023-07-15,ads,Basic,4,False,False,12,32270,3,0,2023-07-24,Enterprise,4,796,9552,monthly,,527,65,40,30,2024-12-16,16,5.0,4.0,0.0,features,False,0,82.75862068965517,68.0,50.0,75.0,71.0,Healthy
A-aa9511,Company_203,DevTools,US,2023-10-10,other,Pro,23,True,False,15,60970,0,1,2023-10-11,Enterprise,30,5970,71640,monthly,,448,65,35,33,2024-12-31,1,2.0,4.0,0.0,competitor,False,0,100.0,80.0,80.0,75.0,86.0,Healthy
A-af0cd2,Company_204,Cybersecurity,IN,2023-01-03,other,Enterprise,19,True,False,11,6460,1,0,2023-01-12,Basic,57,1083,12996,annual,,720,70,33,31,2024-12-19,13,3.0,,0.0,unknown,False,0,86.20689655172414,72.0,70.0,74.10407725321888,77.0,Healthy
A-bd4513,Company_205,DevTools,AU,2024-11-06,event,Enterprise,50,True,False,12,52204,2,0,2024-11-12,Basic,50,950,11400,annual,,50,51,34,28,2024-12-29,3,3.0,4.666666666666667,0.0,budget,False,0,97.70114942528735,60.0,70.0,91.66666666666667,81.5,Healthy
A-c222ab,Company_206,Cybersecurity,US,2024-05-10,other,Pro,32,False,True,7,18656,1,0,2024-08-24,Pro,32,1568,18816,monthly,,130,45,33,27,2024-12-29,3,4.0,5.0,0.0,support,True,18816,97.70114942528735,56.00000000000001,60.0,100.0,80.2,Healthy
A-34d880,Company_207,Cybersecurity,AU,2024-04-11,ads,Enterprise,4,False,False,9,20964,0,0,2024-04-18,Enterprise,5,995,11940,monthly,,258,47,40,29,2024-12-13,19,5.0,3.0,0.0,unknown,False,0,79.3103448275862,64.0,50.0,50.0,63.8,Watch
A-508199,Company_208,FinTech,AU,2024-01-28,event,Basic,19,False,False,5,8436,0,0,2024-01-30,Enterprise,19,0,0,monthly,,337,24,15,16,2024-11-23,39,3.0,3.0,0.0,never_churned,False,0,56.32183908045977,12.0,70.0,50.0,46.7,Watch
A-f03140,Company_209,DevTools,IN,2023-11-22,event,Pro,27,True,False,10,21075,1,1,2023-12-11,Pro,27,0,0,annual,,387,57,22,32,2024-12-30,2,7.0,3.6666666666666665,0.0,competitor,False,0,98.85057471264368,76.0,30.0,66.66666666666666,72.9,Healthy
A-410e86,Company_210,FinTech,US,2024-11-10,organic,Basic,24,False,False,7,15960,0,0,2024-11-16,Enterprise,24,4776,57312,monthly,,46,30,21,22,2024-12-27,5,5.0,3.5,0.0,never_churned,False,0,95.40229885057471,36.0,50.0,62.5,64.9,Watch
A-fa2041,Company_211,HealthTech,US,2024-05-29,organic,Pro,15,True,False,12,20915,0,0,2024-06-11,Pro,39,0,0,annual,,204,61,34,34,2024-12-26,6,1.0,3.0,0.0,competitor,False,0,94.25287356321839,84.0,90.0,50.0,82.0,Healthy
A-de58ca,Company_212,HealthTech,DE,2023-04-13,organic,Enterprise,15,False,False,11,23905,0,0,2023-04-20,Enterprise,36,7164,85968,annual,,622,49,33,28,2024-12-21,11,5.0,3.333333333333333,0.0,never_churned,False,0,88.50574712643679,60.0,50.0,58.33333333333333,67.6,Watch
A-05d3b3,Company_213,DevTools,AU,2023-05-28,ads,Basic,9,True,False,13,12610,0,0,2023-07-12,Enterprise,19,3781,45372,annual,,539,64,22,32,2024-12-18,14,6.0,4.333333333333333,0.0,unknown,False,0,85.05747126436782,76.0,40.0,83.33333333333333,73.4,Healthy
A-249769,Company_214,Cybersecurity,US,2024-04-25,event,Enterprise,4,False,True,13,15717,0,0,2024-06-08,Basic,7,133,1596,annual,,207,68,30,31,2024-12-30,2,2.0,4.0,0.0,budget,True,1596,98.85057471264368,72.0,80.0,75.0,83.6,Healthy
A-e43bf7,Company_215,Cybersecurity,AU,2023-03-24,other,Pro,44,False,False,7,46666,3,0,2023-05-21,Enterprise,44,8756,105072,annual,,591,40,35,26,2024-12-08,24,5.0,4.0,1.0,pricing,False,0,73.5632183908046,52.0,30.0,75.0,59.7,Watch
A-eb2fdc,Company_216,DevTools,AU,2023-11-21,organic,Enterprise,31,False,True,12,31968,0,0,2024-02-24,Basic,31,589,7068,annual,,312,54,17,29,2024-11-29,33,5.0,4.5,0.0,competitor,True,7068,63.2183908045977,64.0,50.0,87.5,65.6,Watch
A-e1462e,Company_217,FinTech,UK,2023-03-12,partner,Basic,15,False,False,7,12030,1,1,2023-04-03,Basic,15,285,3420,annual,,639,35,22,26,2024-11-10,52,2.0,3.5,0.0,competitor,False,0,41.379310344827594,52.0,80.0,62.5,56.0,Watch
A-cab532,Company_218,DevTools,FR,2023-04-03,organic,Pro,11,True,False,15,20088,2,1,2023-04-21,Pro,35,1715,20580,annual,,621,101,47,38,2024-12-30,2,1.0,4.0,0.0,support,False,0,98.85057471264368,100.0,90.0,75.0,92.6,Healthy
A-9123ac,Company_219,Cybersecurity,DE,2023-06-20,organic,Pro,9,False,False,7,14751,0,1,2023-10-25,Enterprise,18,3582,42984,annual,,434,37,24,28,2024-12-19,13,6.0,4.2,0.0,competitor,False,0,86.20689655172414,60.0,40.0,80.0,69.2,Watch
A-6e08f3,Company_220,Cybersecurity,US,2023-02-27,event,Basic,8,False,False,10,18190,1,1,2023-07-25,Basic,13,247,2964,annual,,526,50,21,28,2024-12-28,4,2.0,3.5,0.0,competitor,False,0,96.55172413793103,60.0,80.0,62.5,77.3,Healthy
A-d922bf,Company_221,HealthTech,US,2023-09-08,ads,Basic,5,True,True,7,17114,0,0,2023-10-29,Enterprise,9,1791,21492,annual,,430,41,19,24,2024-12-21,11,7.0,3.333333333333333,1.0,support,True,21492,88.50574712643679,44.0,10.0,58.33333333333333,55.6,Watch
A-8ed5dd,Company_222,EdTech,UK,2023-06-29,event,Enterprise,5,False,True,12,11956,3,1,2023-08-08,Basic,15,285,3420,monthly,,512,55,45,29,2024-12-19,13,6.0,3.75,0.0,unknown,True,3420,86.20689655172414,64.0,40.0,68.75,67.9,Watch
A-7c6b6b,Company_223,FinTech,US,2024-11-30,other,Basic,6,False,False,7,4818,0,0,2024-12-06,Pro,23,1127,13524,monthly,,26,35,24,22,2024-12-07,25,5.0,4.333333333333333,0.0,budget,False,0,72.41379310344828,36.0,50.0,83.33333333333333,61.0,Watch
A-3c1a3f,Company_224,DevTools,UK,2023-08-26,event,Pro,1,False,False,12,14909,0,1,2023-08-31,Basic,7,133,1596,annual,,489,51,22,31,2024-12-20,12,4.0,3.5,0.0,never_churned,False,0,87.35632183908046,72.0,60.0,62.5,73.1,Healthy
A-b48f73,Company_225,EdTech,AU,2024-11-13,event,Pro,80,True,False,7,28320,0,0,2024-11-15,Pro,80,3920,47040,annual,,47,44,23,24,2024-11-25,37,3.0,4.0,0.0,never_churned,False,0,58.62068965517241,44.0,70.0,75.0,60.5,Watch
A-76fa4d,Company_226,HealthTech,US,2024-11-24,event,Pro,69,False,False,7,61686,0,0,2024-11-26,Pro,69,3381,40572,monthly,,36,36,21,21,2024-12-03,29,5.0,4.5,0.0,pricing,False,0,67.816091954023,32.0,50.0,87.5,59.2,Watch
A-b2af2e,Company_227,Cybersecurity,UK,2024-08-24,event,Enterprise,5,False,False,4,3112,0,1,2024-08-26,Basic,54,1026,12312,annual,,128,18,11,14,2024-11-11,51,2.0,4.0,0.0,pricing,False,0,42.52873563218391,4.0,80.0,75.0,46.9,Watch
A-9bfc9f,Company_228,DevTools,CA,2023-09-14,ads,Pro,53,False,False,9,15342,3,2,2023-09-19,Pro,60,2940,35280,monthly,,470,37,18,23,2024-12-08,24,6.0,3.333333333333333,1.0,never_churned,False,0,73.5632183908046,40.0,20.0,58.33333333333333,51.4,Watch
A-4ae22a,Company_229,EdTech,US,2024-05-09,other,Pro,6,False,True,7,9432,0,0,2024-05-28,Basic,28,532,6384,annual,,218,35,31,24,2024-12-28,4,3.0,3.0,0.0,pricing,True,6384,96.55172413793103,44.0,70.0,50.0,68.8,Watch
A-fda07f,Company_230,Cybersecurity,FR,2024-08-11,partner,Basic,7,False,False,12,28418,4,1,2024-08-24,Basic,14,266,3192,monthly,,130,65,39,31,2024-12-31,1,5.0,4.0,0.0,support,False,0,100.0,72.0,50.0,75.0,78.0,Healthy
A-de24d5,Company_231,DevTools,US,2024-11-05,other,Enterprise,5,True,False,13,21327,0,0,2024-11-06,Pro,5,245,2940,monthly,,56,53,28,29,2024-11-22,40,7.0,3.0,0.0,never_churned,False,0,55.172413793103445,64.0,30.0,50.0,51.3,Watch
A-977ca0,Company_232,HealthTech,IN,2023-02-20,partner,Basic,6,False,True,16,30055,1,0,2023-02-20,Pro,14,686,8232,annual,2024-11-24,643,85,46,38,2024-12-24,8,3.0,4.0,0.0,never_churned,True,8232,91.95402298850574,100.0,70.0,75.0,86.2,Healthy
A-ab438f,Company_233,Cybersecurity,US,2024-09-13,ads,Enterprise,13,False,True,8,16358,1,0,2024-10-18,Pro,77,0,0,monthly,,75,36,12,25,2024-12-25,7,2.0,3.5,0.0,budget,True,0,93.10344827586206,48.0,80.0,62.5,73.1,Healthy
A-e89151,Company_234,FinTech,UK,2023-09-14,organic,Pro,8,True,True,9,21734,3,0,2023-11-14,Enterprise,44,8756,105072,annual,,414,58,29,30,2024-12-30,2,2.0,5.0,0.0,never_churned,True,105072,98.85057471264368,68.0,80.0,100.0,87.6,Healthy
A-40906c,Company_235,EdTech,US,2024-03-27,ads,Basic,92,False,False,12,64400,0,0,2024-05-28,Pro,92,4508,54096,annual,,218,63,32,32,2024-12-03,29,5.0,3.75,0.0,never_churned,False,0,67.816091954023,76.0,50.0,68.75,66.5,Watch
A-81edc3,Company_236,Cybersecurity,IN,2023-10-30,ads,Basic,5,False,False,12,17524,2,0,2023-11-07,Enterprise,5,995,11940,annual,,421,74,41,33,2024-12-29,3,3.0,4.0,0.0,support,False,0,97.70114942528735,80.0,70.0,75.0,83.2,Healthy
A-328bd0,Company_237,HealthTech,AU,2023-05-16,partner,Enterprise,18,False,False,13,15979,1,1,2023-08-10,Pro,18,882,10584,annual,,510,61,49,30,2024-12-24,8,5.0,3.6666666666666665,0.0,never_churned,False,0,91.95402298850574,68.0,50.0,66.66666666666666,72.5,Healthy
A-b3fe05,Company_238,Cybersecurity,CA,2024-05-28,partner,Pro,8,False,False,9,24494,0,0,2024-06-06,Basic,19,0,0,annual,,209,43,18,29,2024-12-29,3,4.0,3.0,0.0,never_churned,False,0,97.70114942528735,64.0,60.0,50.0,72.2,Healthy
A-09540c,Company_239,Cybersecurity,CA,2023-10-30,event,Basic,67,True,False,6,23718,1,1,2024-04-11,Pro,67,3283,39396,monthly,,265,28,16,20,2024-12-02,30,2.0,4.5,0.0,unknown,False,0,66.66666666666667,28.000000000000004,80.0,87.5,63.8,Watch
A-e693b6,Company_240,FinTech,AU,2023-05-25,event,Enterprise,55,False,True,12,34155,1,0,2023-08-01,Enterprise,55,10945,131340,annual,,519,61,25,31,2024-12-31,1,1.0,3.0,0.0,budget,True,131340,100.0,72.0,90.0,50.0,81.0,Healthy
A-2446e3,Company_241,EdTech,IN,2024-01-10,organic,Pro,27,False,False,7,24138,1,1,2024-01-21,Enterprise,27,5373,64476,monthly,,346,48,32,28,2024-12-24,8,3.0,4.0,0.0,unknown,False,0,91.95402298850574,60.0,70.0,75.0,76.2,Healthy
A-241e75,Company_242,EdTech,US,2024-07-03,partner,Enterprise,3,False,False,5,3594,0,1,2024-07-11,Basic,5,95,1140,monthly,,174,28,20,17,2024-12-13,19,4.0,4.5,0.0,features,False,0,79.3103448275862,16.0,60.0,87.5,61.3,Watch
A-922109,Company_243,Cybersecurity,US,2024-01-26,ads,Pro,3,False,False,13,14118,0,0,2024-03-23,Basic,5,0,0,monthly,,284,79,34,35,2024-12-21,11,3.0,3.0,0.0,support,False,0,88.50574712643679,88.0,70.0,50.0,77.0,Healthy
A-ff3c73,Company_244,HealthTech,AU,2023-01-26,other,Pro,21,False,False,9,4335,1,0,2023-04-06,Basic,21,399,4788,annual,,636,40,23,29,2024-12-28,4,2.0,3.5,0.0,competitor,False,0,96.55172413793103,64.0,80.0,62.5,78.3,Healthy
A-8b0451,Company_245,FinTech,UK,2024-09-16,event,Enterprise,41,False,False,10,31709,0,0,2024-09-21,Enterprise,41,8159,97908,annual,,102,60,45,32,2024-12-31,1,7.0,3.5,0.0,budget,False,0,100.0,76.0,30.0,62.5,72.5,Healthy
A-331424,Company_246,DevTools,US,2023-11-06,organic,Basic,11,False,False,6,6776,0,0,2024-01-04,Pro,11,0,0,monthly,,363,20,9,17,2024-12-02,30,2.0,,0.0,competitor,False,0,66.66666666666667,16.0,80.0,74.10407725321888,58.2,Watch
A-51ec1b,Company_247,DevTools,US,2023-11-08,ads,Enterprise,7,False,False,6,11087,3,2,2024-02-10,Enterprise,17,3383,40596,annual,,326,28,12,19,2024-10-22,71,3.0,5.0,1.0,unknown,False,0,19.54022988505747,24.0,50.0,100.0,42.8,Watch
A-bcf664,Company_248,DevTools,US,2023-05-19,other,Pro,5,False,False,13,13728,0,0,2023-06-16,Pro,47,2303,27636,annual,,565,56,28,31,2024-12-24,8,5.0,4.0,1.0,features,False,0,91.95402298850574,72.0,30.0,75.0,71.2,Healthy
A-90a8c8,Company_249,FinTech,AU,2024-08-24,organic,Pro,15,False,False,7,26514,2,0,2024-08-25,Enterprise,15,2985,35820,monthly,,129,41,20,23,2024-12-27,5,4.0,3.25,0.0,support,False,0,95.40229885057471,40.0,60.0,56.25,66.6,Watch
A-86cdb4,Company_250,DevTools,DE,2024-09-22,partner,Basic,2,False,False,9,3551,0,0,2024-10-06,Basic,17,323,3876,monthly,,87,49,24,27,2024-12-08,24,5.0,4.333333333333333,0.0,never_churned,False,0,73.5632183908046,56.00000000000001,50.0,83.33333333333333,66.4,Watch
A-4bfa33,Company_251,Cybersecurity,US,2024-12-07,event,Basic,8,True,False,7,5606,0,0,2024-12-10,Enterprise,8,0,0,annual,,22,36,17,23,2024-12-26,6,4.0,3.6666666666666665,0.0,unknown,False,0,94.25287356321839,40.0,60.0,66.66666666666666,68.3,Watch
A-dbc825,Company_252,EdTech,FR,2024-01-07,partner,Enterprise,19,False,False,16,42404,2,0,2024-01-19,Basic,19,361,4332,annual,,348,72,58,34,2024-12-30,2,6.0,4.0,1.0,budget,False,0,98.85057471264368,84.0,20.0,75.0,74.6,Healthy
A-c70870,Company_253,Cybersecurity,US,2024-10-22,partner,Basic,31,False,False,7,39614,2,1,2024-11-11,Pro,94,4606,55272,annual,,51,34,18,23,2024-12-31,1,5.0,4.0,0.0,competitor,False,0,100.0,40.0,50.0,75.0,70.0,Watch
A-7c4956,Company_254,DevTools,US,2023-05-06,ads,Enterprise,5,False,True,8,3409,0,0,2023-06-05,Basic,27,513,6156,annual,,576,45,40,27,2024-12-26,6,3.0,4.0,0.0,never_churned,True,6156,94.25287356321839,56.00000000000001,70.0,75.0,76.0,Healthy
A-0651a4,Company_255,HealthTech,FR,2024-10-16,organic,Pro,16,False,False,15,44564,0,0,2024-10-27,Enterprise,65,12935,155220,annual,,66,69,37,34,2024-12-16,16,4.0,4.0,0.0,support,False,0,82.75862068965517,84.0,60.0,75.0,77.0,Healthy
A-3ce5b8,Company_256,FinTech,IN,2023-09-07,ads,Basic,8,False,True,9,16650,0,0,2023-12-15,Enterprise,8,0,0,annual,,383,50,29,29,2024-12-15,17,10.0,3.7142857142857135,0.0,features,True,0,81.60919540229885,64.0,0.0,67.85714285714283,58.1,Watch
A-bd4708,Company_257,FinTech,US,2024-07-21,ads,Pro,37,True,False,13,38975,1,0,2024-07-24,Enterprise,37,7363,88356,monthly,,161,64,30,33,2024-12-30,2,4.0,3.5,0.0,never_churned,False,0,98.85057471264368,80.0,60.0,62.5,79.1,Healthy
A-993085,Company_258,HealthTech,US,2023-06-01,ads,Basic,31,True,False,15,48456,2,2,2023-08-05,Enterprise,42,8358,100296,monthly,2024-11-10,463,70,50,33,2024-12-20,12,4.0,3.5,0.0,features,False,0,87.35632183908046,80.0,60.0,62.5,75.1,Healthy
A-92a3af,Company_259,Cybersecurity,IN,2024-07-07,organic,Enterprise,25,False,False,11,34538,0,2,2024-07-23,Pro,25,1225,14700,monthly,,162,67,55,35,2024-12-18,14,4.0,4.0,1.0,never_churned,False,0,85.05747126436782,88.0,40.0,75.0,74.8,Healthy
A-151c9a,Company_260,FinTech,US,2023-01-27,ads,Enterprise,23,False,False,5,14250,0,1,2023-05-08,Pro,52,2548,30576,monthly,,604,34,14,28,2024-12-29,3,2.0,3.5,0.0,support,False,0,97.70114942528735,60.0,80.0,62.5,77.7,Healthy
A-474ad4,Company_261,EdTech,US,2023-11-28,organic,Basic,8,False,False,15,12125,1,1,2023-12-04,Enterprise,24,4776,57312,annual,,394,64,45,34,2024-12-11,21,3.0,5.0,1.0,never_churned,False,0,77.01149425287356,84.0,50.0,100.0,78.0,Healthy
A-4ef964,Company_262,HealthTech,US,2024-03-07,organic,Pro,17,False,False,9,14279,0,0,2024-04-01,Pro,28,1372,16464,monthly,,275,49,33,31,2024-12-23,9,3.0,4.0,0.0,budget,False,0,90.80459770114942,72.0,70.0,75.0,78.8,Healthy
A-fd9422,Company_263,Cybersecurity,US,2024-04-04,organic,Pro,58,False,False,9,28130,1,1,2024-05-08,Pro,58,2842,34104,annual,,238,44,21,27,2024-12-30,2,6.0,3.5,1.0,never_churned,False,0,98.85057471264368,56.00000000000001,20.0,62.5,65.1,Watch
A-0baac2,Company_264,FinTech,DE,2024-05-30,organic,Enterprise,14,False,True,6,18500,0,0,2024-06-02,Enterprise,14,2786,33432,monthly,2024-12-12,193,21,9,19,2024-10-31,62,6.0,4.333333333333333,0.0,unknown,True,33432,29.88505747126436,24.0,40.0,83.33333333333333,41.1,Watch
A-bb1486,Company_265,HealthTech,US,2024-11-05,organic,Basic,41,False,False,8,16307,0,2,2024-11-13,Pro,67,3283,39396,annual,,49,42,36,24,2024-12-09,23,3.0,3.0,0.0,competitor,False,0,74.71264367816092,44.0,70.0,50.0,61.1,Watch
A-560d27,Company_266,DevTools,US,2024-05-05,organic,Pro,23,False,False,12,41641,1,0,2024-05-31,Basic,29,0,0,annual,,215,59,38,27,2024-10-28,65,4.0,3.6666666666666665,0.0,never_churned,False,0,26.436781609195407,56.00000000000001,60.0,66.66666666666666,48.6,Watch
A-0b0d6d,Company_267,DevTools,US,2024-12-30,organic,Pro,3,False,False,13,33491,1,0,2024-12-30,Pro,21,1029,12348,annual,,2,62,48,32,2024-12-26,6,5.0,4.0,1.0,competitor,False,0,94.25287356321839,76.0,30.0,75.0,73.0,Healthy
A-2789e3,Company_268,FinTech,US,2024-09-14,partner,Enterprise,11,False,False,12,24489,1,1,2024-09-18,Pro,11,0,0,monthly,,105,65,45,33,2024-12-31,1,4.0,4.0,0.0,never_churned,False,0,100.0,80.0,60.0,75.0,82.0,Healthy
A-b07346,Company_269,HealthTech,US,2024-10-10,partner,Pro,51,False,True,5,31416,1,0,2024-11-06,Enterprise,51,0,0,annual,,56,33,22,23,2024-12-12,20,3.0,3.5,0.0,budget,True,0,78.16091954022988,40.0,70.0,62.5,63.9,Watch
A-902ef7,Company_270,HealthTech,US,2024-09-03,other,Enterprise,83,False,True,8,44322,2,0,2024-09-05,Basic,83,1577,18924,annual,,118,40,24,31,2024-10-21,72,2.0,4.0,0.0,pricing,True,18924,18.39080459770115,72.0,80.0,75.0,55.4,Watch
A-20736a,Company_271,EdTech,IN,2024-03-16,organic,Enterprise,50,False,False,7,40525,1,1,2024-05-09,Enterprise,50,9950,119400,annual,,237,42,22,22,2024-12-29,3,4.0,3.75,0.0,competitor,False,0,97.70114942528735,36.0,60.0,68.75,68.9,Watch
A-e4bf56,Company_272,HealthTech,IN,2024-10-28,ads,Pro,17,False,True,7,18926,0,1,2024-11-17,Enterprise,22,4378,52536,monthly,,45,33,10,25,2024-12-23,9,8.0,3.6666666666666665,0.0,never_churned,True,52536,90.80459770114942,48.0,20.0,66.66666666666666,61.1,Watch
A-cea1f0,Company_273,FinTech,US,2024-04-07,event,Pro,8,False,True,10,12244,1,1,2024-06-01,Enterprise,8,1592,19104,annual,,214,56,28,28,2024-12-23,9,5.0,4.333333333333333,0.0,never_churned,True,19104,90.80459770114942,60.0,50.0,83.33333333333333,73.4,Healthy
A-ef84cf,Company_274,EdTech,US,2024-03-01,partner,Enterprise,8,False,False,5,7507,0,1,2024-03-12,Basic,8,152,1824,monthly,,295,28,11,21,2024-12-31,1,5.0,4.333333333333333,1.0,support,False,0,100.0,32.0,30.0,83.33333333333333,65.7,Watch
A-d49cc5,Company_275,Cybersecurity,FR,2023-09-19,event,Basic,50,False,False,8,13325,0,0,2024-02-13,Basic,50,950,11400,monthly,,323,41,34,27,2024-12-28,4,4.0,4.5,0.0,competitor,False,0,96.55172413793103,56.00000000000001,60.0,87.5,77.3,Healthy
A-67be94,Company_276,EdTech,US,2023-04-04,organic,Enterprise,26,False,False,7,21930,1,0,2023-08-29,Pro,26,1274,15288,monthly,,491,42,17,26,2024-12-18,14,5.0,4.0,0.0,competitor,False,0,85.05747126436782,52.0,50.0,75.0,67.8,Watch
A-4e960a,Company_277,FinTech,US,2024-01-17,other,Enterprise,12,True,True,12,23942,0,1,2024-02-07,Basic,12,228,2736,monthly,,329,49,21,29,2024-12-28,4,6.0,4.0,0.0,never_churned,True,2736,96.55172413793103,64.0,40.0,75.0,72.8,Healthy
A-c37cab,Company_278,Cybersecurity,UK,2024-07-29,event,Pro,13,False,False,12,29433,1,1,2024-07-30,Basic,23,437,5244,annual,,155,70,40,32,2024-12-30,2,4.0,3.75,1.0,competitor,False,0,98.85057471264368,76.0,40.0,68.75,75.3,Healthy
A-533452,Company_279,DevTools,AU,2024-11-12,organic,Pro,9,False,False,11,20664,1,2,2024-11-21,Basic,52,988,11856,annual,,41,63,44,32,2024-12-15,17,4.0,4.0,0.0,support,False,0,81.60919540229885,76.0,60.0,75.0,74.6,Healthy
A-443b7c,Company_280,Cybersecurity,US,2024-09-06,other,Enterprise,1,False,True,16,24062,4,0,2024-09-16,Basic,8,152,1824,annual,,107,63,29,28,2024-12-27,5,8.0,4.4,0.0,never_churned,True,1824,95.40229885057471,60.0,20.0,85.00000000000001,69.4,Watch
A-1f7acb,Company_281,FinTech,UK,2023-08-06,ads,Basic,64,True,False,8,46912,1,3,2023-09-01,Enterprise,64,12736,152832,annual,,488,53,47,26,2024-12-13,19,7.0,4.4,0.0,never_churned,False,0,79.3103448275862,52.0,30.0,85.00000000000001,63.8,Watch
A-f51f16,Company_282,HealthTech,US,2023-12-25,partner,Enterprise,1,False,False,8,13310,2,0,2024-02-18,Basic,2,38,456,annual,,318,37,28,25,2024-12-08,24,4.0,3.0,0.0,competitor,False,0,73.5632183908046,48.0,60.0,50.0,59.7,Watch
A-5a3eb9,Company_283,DevTools,CA,2023-08-20,other,Enterprise,18,True,False,13,20293,0,2,2023-09-20,Pro,18,882,10584,annual,2024-12-28,465,69,34,34,2024-12-11,21,3.0,,0.0,competitor,False,0,77.01149425287356,84.0,70.0,74.10407725321888,76.8,Healthy
A-5f2961,Company_284,HealthTech,US,2024-11-22,partner,Basic,4,False,False,7,10299,0,0,2024-11-27,Basic,16,304,3648,annual,,35,36,19,22,2024-11-04,58,1.0,,0.0,pricing,False,0,34.48275862068965,36.0,90.0,74.10407725321888,53.9,Watch
A-417d2f,Company_285,Cybersecurity,IN,2023-07-04,partner,Pro,4,True,False,16,22933,1,0,2023-07-04,Pro,33,1617,19404,monthly,,547,71,31,37,2024-12-11,21,6.0,4.333333333333333,0.0,budget,False,0,77.01149425287356,96.0,40.0,83.33333333333333,75.6,Healthy
A-e98302,Company_286,EdTech,US,2023-12-26,ads,Enterprise,16,True,False,6,12567,0,0,2024-01-21,Pro,58,2842,34104,annual,2024-12-28,342,30,18,21,2024-12-12,20,9.0,4.142857142857143,0.0,never_churned,False,0,78.16091954022988,32.0,10.0,78.57142857142858,53.1,Watch
A-8bde0c,Company_287,DevTools,US,2024-11-04,organic,Basic,12,False,False,18,34198,2,0,2024-11-04,Enterprise,12,2388,28656,monthly,,58,80,43,34,2024-12-06,26,3.0,4.0,0.0,pricing,False,0,71.26436781609195,84.0,70.0,75.0,74.9,Healthy
A-bcf87c,Company_288,FinTech,US,2024-06-27,event,Pro,10,False,True,11,21770,0,1,2024-07-22,Enterprise,17,3383,40596,monthly,,163,54,19,26,2024-12-14,18,2.0,4.0,0.0,never_churned,True,40596,80.45977011494253,52.0,80.0,75.0,72.2,Healthy
A-54ecc2,Company_289,Cybersecurity,US,2023-06-11,partner,Enterprise,4,False,False,11,16168,0,1,2023-08-16,Enterprise,28,5572,66864,monthly,,504,56,39,28,2024-12-09,23,5.0,5.0,0.0,support,False,0,74.71264367816092,60.0,50.0,100.0,71.1,Healthy
A-625d0b,Company_290,EdTech,AU,2024-09-02,ads,Basic,9,False,False,11,11893,0,0,2024-09-25,Enterprise,9,1791,21492,annual,,98,54,38,32,2024-12-09,23,5.0,3.0,0.0,never_churned,False,0,74.71264367816092,76.0,50.0,50.0,65.1,Watch
A-fce879,Company_291,EdTech,UK,2024-09-24,partner,Pro,10,True,True,5,6797,0,1,2024-09-28,Basic,21,399,4788,annual,,95,27,14,25,2024-11-30,32,2.0,4.0,0.0,features,True,4788,64.36781609195401,48.0,80.0,75.0,65.5,Watch
A-b07b56,Company_292,DevTools,US,2024-11-08,event,Pro,25,False,True,15,16984,0,0,2024-11-16,Basic,25,0,0,annual,,46,64,39,32,2024-12-29,3,4.0,3.0,0.0,budget,True,0,97.70114942528735,76.0,60.0,50.0,75.2,Healthy
A-6da850,Company_293,FinTech,IN,2023-10-07,organic,Pro,5,False,False,16,18559,3,1,2023-10-08,Basic,6,114,1368,annual,2024-12-31,450,70,54,30,2024-12-27,5,5.0,4.0,0.0,competitor,False,0,95.40229885057471,68.0,50.0,75.0,75.4,Healthy
A-342303,Company_294,EdTech,US,2024-03-16,other,Pro,1,True,False,3,1695,0,0,2024-05-03,Enterprise,10,0,0,annual,,243,15,5,12,2024-11-26,36,3.0,4.5,0.0,features,False,0,59.770114942528735,0.0,70.0,87.5,52.4,Watch
A-e7a1e2,Company_295,Cybersecurity,US,2024-06-23,event,Enterprise,3,False,False,12,20042,0,0,2024-07-19,Enterprise,44,8756,105072,annual,,166,68,36,36,2024-12-21,11,1.0,4.0,0.0,features,False,0,88.50574712643679,92.0,90.0,75.0,87.0,Healthy
A-f1f639,Company_296,EdTech,US,2023-02-26,ads,Basic,2,False,False,4,2919,1,0,2023-07-03,Enterprise,9,1791,21492,monthly,,548,14,10,12,2024-12-20,12,7.0,4.8,0.0,budget,False,0,87.35632183908046,0.0,30.0,95.0,55.6,Watch
A-a865bd,Company_297,Cybersecurity,US,2023-09-19,organic,Pro,38,False,False,5,21022,0,0,2024-01-17,Pro,56,2744,32928,monthly,,350,24,13,19,2024-12-18,14,2.0,3.0,0.0,unknown,False,0,85.05747126436782,24.0,80.0,50.0,61.8,Watch
A-4e631b,Company_298,FinTech,US,2024-03-16,other,Enterprise,22,False,False,11,24398,1,1,2024-03-18,Basic,22,418,5016,annual,,289,49,29,32,2024-12-19,13,2.0,4.0,0.0,never_churned,False,0,86.20689655172414,76.0,80.0,75.0,80.2,Healthy
A-7f6b86,Company_299,HealthTech,US,2023-08-24,partner,Basic,45,True,True,9,19402,3,0,2023-08-30,Basic,45,855,10260,annual,,490,41,14,27,2024-12-26,6,7.0,3.6666666666666665,0.0,pricing,True,10260,94.25287356321839,56.00000000000001,30.0,66.66666666666666,66.3,Watch
A-8adedc,Company_300,EdTech,US,2024-02-11,event,Basic,4,True,True,14,28328,0,0,2024-02-22,Pro,68,3332,39984,annual,,314,61,33,32,2024-12-31,1,4.0,4.0,0.0,never_churned,True,39984,100.0,76.0,60.0,75.0,81.0,Healthy
A-2edab2,Company_301,HealthTech,US,2023-11-17,event,Enterprise,17,False,False,10,11390,1,0,2023-11-22,Pro,17,833,9996,monthly,,406,47,26,28,2024-12-22,10,4.0,3.0,0.0,features,False,0,89.65517241379311,60.0,60.0,50.0,68.4,Watch
A-149a69,Company_302,DevTools,US,2024-10-17,event,Basic,34,False,False,3,8058,0,0,2024-12-05,Basic,34,646,7752,monthly,,27,18,9,18,2024-08-17,137,8.0,4.2,0.0,pricing,False,0,0.0,20.0,20.0,80.0,25.0,At Risk
A-a6d261,Company_303,FinTech,CA,2023-11-29,other,Pro,9,False,False,14,38191,3,0,2023-12-13,Basic,13,247,2964,annual,,385,63,29,36,2024-12-30,2,4.0,4.666666666666667,1.0,unknown,False,0,98.85057471264368,92.0,40.0,91.66666666666667,83.9,Healthy
A-443f6f,Company_304,Cybersecurity,US,2024-12-07,organic,Basic,19,False,False,9,13594,1,0,2024-12-08,Pro,19,931,11172,monthly,,24,56,28,31,2024-12-26,6,4.0,4.666666666666667,0.0,never_churned,False,0,94.25287356321839,72.0,60.0,91.66666666666667,81.3,Healthy
A-202b67,Company_305,HealthTech,US,2024-03-22,organic,Pro,11,False,False,9,18168,1,0,2024-03-27,Enterprise,29,5771,69252,monthly,,280,46,40,29,2024-12-28,4,4.0,4.666666666666667,0.0,pricing,False,0,96.55172413793103,64.0,60.0,91.66666666666667,80.1,Healthy
A-00bed1,Company_306,Cybersecurity,US,2023-11-14,ads,Basic,28,True,False,10,33506,3,0,2023-11-16,Enterprise,28,5572,66864,annual,,412,51,27,32,2024-12-14,18,4.0,4.0,0.0,unknown,False,0,80.45977011494253,76.0,60.0,75.0,74.2,Healthy
A-ffc04f,Company_307,EdTech,US,2024-06-06,ads,Pro,13,False,False,15,20039,0,1,2024-06-08,Basic,13,247,2964,monthly,,207,86,64,37,2024-12-09,23,7.0,4.5,1.0,unknown,False,0,74.71264367816092,96.0,10.0,87.5,69.6,Watch
A-65c341,Company_308,FinTech,US,2023-12-26,ads,Pro,11,True,False,8,30546,0,0,2024-02-15,Pro,39,1911,22932,monthly,2024-11-23,282,38,18,25,2024-12-25,7,5.0,4.0,0.0,unknown,False,0,93.10344827586206,48.0,50.0,75.0,69.6,Watch
A-dcc2f0,Company_309,FinTech,UK,2023-07-22,organic,Basic,15,False,False,15,17493,2,0,2023-10-02,Basic,32,608,7296,annual,,457,76,26,35,2024-12-26,6,2.0,,0.0,features,False,0,94.25287356321839,88.0,80.0,74.10407725321888,85.8,Healthy
A-ced9aa,Company_310,DevTools,US,2024-10-05,other,Enterprise,3,False,False,11,6252,0,0,2024-10-11,Pro,3,147,1764,annual,,82,55,39,33,2024-12-06,26,7.0,3.0,0.0,never_churned,False,0,71.26436781609195,80.0,30.0,50.0,60.9,Watch
A-3d957b,Company_311,HealthTech,UK,2024-04-04,other,Pro,14,False,False,6,11852,3,0,2024-07-15,Enterprise,14,2786,33432,annual,,170,15,13,13,2024-10-20,73,3.0,3.0,0.0,budget,False,0,17.241379310344826,0.0,70.0,50.0,30.0,At Risk
A-89ee83,Company_312,Cybersecurity,US,2024-10-04,organic,Pro,1,False,True,11,24907,3,0,2024-10-18,Enterprise,18,3582,42984,monthly,,75,59,26,28,2024-12-17,15,5.0,4.0,1.0,never_churned,True,42984,83.9080459770115,60.0,30.0,75.0,65.4,Watch
A-883b7d,Company_313,Cybersecurity,IN,2024-03-28,other,Basic,17,False,False,12,30524,0,0,2024-04-21,Enterprise,50,9950,119400,annual,,255,66,40,35,2024-12-30,2,7.0,3.6,1.0,never_churned,False,0,98.85057471264368,88.0,10.0,65.0,71.6,Healthy
A-dcc3f1,Company_314,HealthTech,US,2023-12-27,event,Pro,21,False,False,8,12747,0,1,2023-12-27,Basic,21,399,4788,annual,,371,48,32,31,2024-12-24,8,9.0,3.8,0.0,features,False,0,91.95402298850574,72.0,10.0,70.0,66.2,Watch
A-c62e55,Company_315,EdTech,US,2023-02-08,partner,Basic,1,True,False,9,11902,1,0,2023-11-15,Pro,14,686,8232,annual,,413,32,13,24,2024-12-12,20,4.0,4.0,0.0,never_churned,False,0,78.16091954022988,44.0,60.0,75.0,65.4,Watch
A-e4144b,Company_316,EdTech,UK,2024-10-22,other,Pro,41,False,False,10,35424,1,0,2024-11-10,Enterprise,41,8159,97908,annual,,52,43,21,26,2024-12-23,9,3.0,4.0,0.0,never_churned,False,0,90.80459770114942,52.0,70.0,75.0,73.8,Healthy
A-e40f45,Company_317,HealthTech,US,2024-04-18,organic,Pro,21,False,False,7,11825,3,0,2024-05-15,Basic,21,399,4788,monthly,2024-12-22,221,45,26,29,2024-12-29,3,7.0,4.333333333333333,0.0,budget,False,0,97.70114942528735,64.0,30.0,83.33333333333333,72.9,Healthy
A-96215d,Company_318,FinTech,US,2024-08-08,event,Enterprise,10,False,False,6,10312,1,0,2024-08-17,Pro,10,490,5880,annual,,137,32,21,20,2024-12-06,26,1.0,3.0,0.0,never_churned,False,0,71.26436781609195,28.000000000000004,90.0,50.0,59.9,Watch
A-2b9d3e,Company_319,EdTech,US,2023-06-04,partner,Enterprise,1,False,False,9,5142,1,0,2023-09-06,Enterprise,2,398,4776,monthly,,483,45,19,26,2024-12-17,15,3.0,5.0,0.0,never_churned,False,0,83.9080459770115,52.0,70.0,100.0,76.4,Healthy
A-b7724f,Company_320,HealthTech,UK,2023-03-28,organic,Basic,1,False,False,8,3222,0,0,2023-06-03,Basic,29,551,6612,monthly,,578,38,16,28,2024-12-08,24,3.0,3.0,0.0,competitor,False,0,73.5632183908046,60.0,70.0,50.0,64.7,Watch
A-310452,Company_321,DevTools,FR,2024-12-25,other,Enterprise,9,False,False,5,11003,0,0,2024-12-26,Basic,9,171,2052,annual,,6,25,16,20,2024-11-25,37,5.0,3.6,0.0,budget,False,0,58.62068965517241,28.000000000000004,50.0,65.0,50.5,Watch
A-eb1312,Company_322,FinTech,US,2024-09-16,partner,Pro,25,False,False,12,18147,1,0,2024-09-18,Basic,25,475,5700,annual,,105,65,38,31,2024-12-18,14,1.0,5.0,0.0,unknown,False,0,85.05747126436782,72.0,90.0,100.0,85.8,Healthy
A-df1e44,Company_323,Cybersecurity,UK,2024-02-23,organic,Enterprise,12,False,False,11,13107,1,1,2024-03-08,Pro,12,588,7056,monthly,,299,42,14,25,2024-12-09,23,2.0,5.0,0.0,budget,False,0,74.71264367816092,48.0,80.0,100.0,74.1,Healthy
A-6a7c9d,Company_324,Cybersecurity,US,2024-10-24,organic,Enterprise,26,False,True,5,13028,0,0,2024-11-12,Pro,26,1274,15288,annual,,50,19,6,15,2024-12-18,14,3.0,4.0,0.0,support,True,15288,85.05747126436782,8.0,70.0,75.0,60.8,Watch
A-cbd1a3,Company_325,DevTools,US,2024-11-25,other,Basic,6,False,True,10,16351,2,0,2024-11-26,Basic,20,380,4560,annual,,36,45,32,29,2024-12-21,11,4.0,4.0,0.0,never_churned,True,4560,88.50574712643679,64.0,60.0,75.0,74.0,Healthy
A-a8d89d,Company_326,EdTech,US,2023-12-08,ads,Pro,13,False,False,12,29320,2,0,2023-12-12,Basic,17,323,3876,annual,,386,54,26,32,2024-12-10,22,2.0,5.0,0.0,pricing,False,0,75.86206896551724,76.0,80.0,100.0,81.6,Healthy
A-600734,Company_327,DevTools,US,2023-11-14,organic,Pro,29,True,True,13,18132,2,0,2024-01-13,Pro,36,1764,21168,monthly,,354,69,30,33,2024-12-26,6,7.0,3.6666666666666665,1.0,never_churned,True,21168,94.25287356321839,80.0,10.0,66.66666666666666,68.3,Watch
A-86fc1d,Company_328,DevTools,UK,2024-07-26,partner,Basic,26,False,False,9,15181,3,0,2024-08-08,Basic,26,0,0,monthly,,146,37,26,26,2024-12-30,2,5.0,4.0,0.0,support,False,0,98.85057471264368,52.0,50.0,75.0,72.6,Healthy
A-78f02b,Company_329,HealthTech,US,2024-11-17,event,Enterprise,11,False,False,4,15081,1,0,2024-11-19,Pro,11,539,6468,annual,,43,20,16,17,2024-11-29,33,4.0,4.0,0.0,budget,False,0,63.2183908045977,16.0,60.0,75.0,53.1,Watch
A-acb7f7,Company_330,EdTech,US,2024-01-06,ads,Basic,32,False,False,12,32574,2,1,2024-01-07,Basic,32,608,7296,annual,,360,62,36,33,2024-12-29,3,3.0,3.5,0.0,competitor,False,0,97.70114942528735,80.0,70.0,62.5,80.7,Healthy
A-712f1c,Company_331,DevTools,US,2023-12-16,ads,Basic,17,False,True,12,42999,2,0,2024-01-03,Pro,17,833,9996,annual,,364,68,34,32,2024-12-29,3,6.0,4.0,0.0,budget,True,9996,97.70114942528735,76.0,40.0,75.0,76.2,Healthy
A-3793ee,Company_332,Cybersecurity,CA,2023-03-21,organic,Enterprise,49,True,False,7,26705,1,1,2023-11-20,Enterprise,49,9751,117012,monthly,,408,38,11,25,2024-12-19,13,4.0,4.0,0.0,unknown,False,0,86.20689655172414,48.0,60.0,75.0,69.2,Watch
A-9a532a,Company_333,HealthTech,US,2024-07-06,partner,Enterprise,11,False,False,4,10945,0,0,2024-08-28,Enterprise,11,2189,26268,monthly,,126,18,15,16,2024-10-21,72,2.0,,0.0,never_churned,False,0,18.39080459770115,12.0,80.0,74.10407725321888,40.3,Watch
A-2ebb4b,Company_334,HealthTech,US,2023-05-15,ads,Basic,41,False,False,10,30688,1,0,2023-06-04,Pro,41,2009,24108,monthly,,577,50,33,27,2024-12-15,17,2.0,3.0,0.0,features,False,0,81.60919540229885,56.00000000000001,80.0,50.0,68.6,Watch
A-6843f2,Company_335,HealthTech,CA,2024-12-10,ads,Enterprise,21,False,False,9,16520,0,1,2024-12-11,Pro,21,1029,12348,annual,,21,46,17,24,2024-11-26,36,2.0,3.0,0.0,never_churned,False,0,59.770114942528735,44.0,80.0,50.0,57.9,Watch
A-c9bb3e,Company_336,EdTech,US,2024-03-24,ads,Pro,5,False,False,10,15217,1,0,2024-04-01,Basic,10,190,2280,monthly,,275,46,20,27,2024-11-01,61,7.0,4.2,1.0,unknown,False,0,31.034482758620683,56.00000000000001,10.0,80.0,42.9,Watch
A-4814a3,Company_337,Cybersecurity,IN,2024-09-17,event,Basic,87,False,True,11,87957,2,1,2024-09-27,Pro,87,4263,51156,monthly,,96,60,45,35,2024-12-23,9,4.0,4.0,1.0,pricing,True,51156,90.80459770114942,88.0,40.0,75.0,76.8,Healthy
A-b7b7b7,Company_338,FinTech,US,2024-06-30,event,Basic,24,False,True,12,28558,1,0,2024-07-12,Pro,24,1176,14112,annual,,173,55,26,31,2024-12-12,20,3.0,5.0,0.0,never_churned,True,14112,78.16091954022988,72.0,70.0,100.0,79.4,Healthy
A-ccc747,Company_339,HealthTech,FR,2024-01-12,event,Pro,16,False,True,6,4812,2,0,2024-05-13,Basic,16,304,3648,annual,,233,30,13,23,2024-12-08,24,4.0,5.0,1.0,competitor,True,3648,73.5632183908046,40.0,40.0,100.0,63.7,Watch
A-bb3bd4,Company_340,HealthTech,US,2024-01-27,ads,Basic,23,False,False,7,7452,2,0,2024-04-05,Basic,23,437,5244,annual,,271,30,11,18,2024-12-12,20,11.0,4.142857142857143,0.0,unknown,False,0,78.16091954022988,20.0,0.0,78.57142857142858,48.1,Watch
A-09316c,Company_341,FinTech,AU,2024-09-11,organic,Enterprise,70,False,False,11,70000,2,0,2024-09-19,Enterprise,70,13930,167160,annual,,104,54,31,28,2024-12-27,5,4.0,3.75,1.0,unknown,False,0,95.40229885057471,60.0,40.0,68.75,70.1,Healthy
A-96bbc6,Company_342,Cybersecurity,US,2024-05-07,organic,Enterprise,39,False,False,8,30426,3,1,2024-05-23,Basic,39,741,8892,monthly,,223,49,25,30,2024-12-26,6,3.0,3.333333333333333,0.0,budget,False,0,94.25287356321839,68.0,70.0,58.33333333333333,75.7,Healthy
A-bc4d48,Company_343,EdTech,US,2024-06-12,ads,Pro,35,True,False,7,12390,1,0,2024-06-26,Basic,35,665,7980,annual,,189,32,9,24,2024-12-23,9,6.0,4.2,1.0,never_churned,False,0,90.80459770114942,44.0,20.0,80.0,62.8,Watch
A-b30291,Company_344,HealthTech,US,2024-04-05,event,Basic,5,True,True,10,5375,0,0,2024-04-09,Pro,5,245,2940,annual,,267,48,31,26,2024-12-17,15,1.0,,0.0,competitor,True,2940,83.9080459770115,52.0,90.0,74.10407725321888,75.2,Healthy
A-cdf020,Company_345,DevTools,AU,2023-08-16,organic,Pro,23,False,False,8,18072,2,0,2023-12-01,Pro,44,2156,25872,monthly,,397,40,18,25,2024-11-25,37,4.0,4.0,0.0,support,False,0,58.62068965517241,48.0,60.0,75.0,59.5,Watch
A-e6afc1,Company_346,DevTools,US,2023-02-24,ads,Pro,1,False,False,11,22582,0,0,2023-05-24,Pro,9,0,0,monthly,,588,71,30,32,2024-12-16,16,0.0,,0.0,never_churned,False,0,82.75862068965517,76.0,100.0,74.10407725321888,82.8,Healthy
A-e3bd71,Company_347,Cybersecurity,US,2023-03-25,partner,Basic,31,False,False,11,41630,1,1,2023-04-03,Pro,31,1519,18228,annual,,639,61,27,32,2024-12-20,12,4.0,4.0,0.0,support,False,0,87.35632183908046,76.0,60.0,75.0,76.6,Healthy
A-b179bf,Company_348,Cybersecurity,IN,2024-10-27,ads,Basic,43,False,False,5,17931,0,0,2024-10-27,Pro,43,0,0,annual,,66,39,18,23,2024-12-17,15,6.0,4.0,0.0,features,False,0,83.9080459770115,40.0,40.0,75.0,62.4,Watch
A-098560,Company_349,DevTools,UK,2023-10-21,ads,Enterprise,1,False,True,11,12326,1,0,2023-12-10,Enterprise,4,796,9552,monthly,,388,55,32,32,2024-12-22,10,2.0,3.0,1.0,pricing,True,9552,89.65517241379311,76.0,60.0,50.0,72.4,Healthy
A-82861f,Company_350,DevTools,UK,2024-04-25,organic,Basic,41,False,False,10,43633,0,0,2024-05-18,Enterprise,41,8159,97908,annual,,228,50,43,28,2024-12-06,26,5.0,3.2,0.0,support,False,0,71.26436781609195,60.0,50.0,55.00000000000001,60.9,Watch
A-94c3cd,Company_351,FinTech,CA,2023-09-20,other,Enterprise,32,False,False,6,9036,0,0,2024-01-06,Enterprise,32,6368,76416,monthly,,361,31,18,18,2024-12-11,21,4.0,3.5,1.0,never_churned,False,0,77.01149425287356,20.0,40.0,62.5,52.5,Watch
A-a33200,Company_352,HealthTech,US,2024-09-15,partner,Basic,29,False,False,12,28913,1,0,2024-09-26,Basic,29,551,6612,monthly,,97,55,26,33,2024-12-11,21,3.0,4.5,0.0,features,False,0,77.01149425287356,80.0,70.0,87.5,78.5,Healthy
A-034368,Company_353,EdTech,US,2023-11-05,event,Enterprise,19,False,False,5,11194,0,0,2023-12-14,Enterprise,23,4577,54924,monthly,,384,28,25,20,2024-12-13,19,5.0,4.0,0.0,features,False,0,79.3103448275862,28.000000000000004,50.0,75.0,59.8,Watch
A-b54c01,Company_354,DevTools,US,2024-09-29,event,Enterprise,29,False,False,4,3393,0,0,2024-10-07,Basic,29,551,6612,annual,,86,23,17,15,2024-10-05,88,5.0,3.0,0.0,budget,False,0,0.0,8.0,50.0,50.0,22.0,At Risk
A-d82ef9,Company_355,EdTech,UK,2024-07-02,other,Basic,26,False,True,14,14327,1,2,2024-07-14,Basic,26,494,5928,monthly,,171,68,46,32,2024-12-29,3,5.0,4.25,1.0,budget,True,5928,97.70114942528735,76.0,30.0,81.25,75.4,Healthy
A-bb2f49,Company_356,Cybersecurity,US,2023-05-28,other,Pro,8,False,False,11,23990,2,1,2023-06-29,Pro,28,1372,16464,monthly,,552,60,42,31,2024-12-30,2,3.0,4.0,0.0,never_churned,False,0,98.85057471264368,72.0,70.0,75.0,81.6,Healthy
A-1f559b,Company_357,HealthTech,US,2023-09-04,organic,Enterprise,5,True,True,10,11756,0,1,2023-12-12,Basic,10,190,2280,annual,,386,40,27,29,2024-11-21,41,5.0,4.2,0.0,features,True,2280,54.02298850574713,64.0,50.0,80.0,60.9,Watch
A-5a215a,Company_358,EdTech,FR,2024-01-05,other,Enterprise,87,False,False,18,130152,2,0,2024-01-31,Pro,87,4263,51156,annual,,336,80,71,32,2024-12-24,8,4.0,4.0,0.0,never_churned,False,0,91.95402298850574,76.0,60.0,75.0,78.2,Healthy
A-3f9cc0,Company_359,HealthTech,US,2024-06-03,event,Basic,22,False,False,7,19940,1,2,2024-06-23,Enterprise,30,5970,71640,monthly,,192,42,24,25,2024-12-20,12,5.0,4.5,1.0,budget,False,0,87.35632183908046,48.0,30.0,87.5,66.1,Watch
A-f9cc74,Company_360,DevTools,FR,2024-10-12,partner,Enterprise,30,True,False,10,15557,1,0,2024-10-12,Pro,30,0,0,monthly,,81,50,22,30,2024-12-31,1,6.0,4.0,0.0,never_churned,False,0,100.0,68.0,40.0,75.0,75.0,Healthy
A-ed510f,Company_361,Cybersecurity,IN,2023-01-17,partner,Basic,42,False,False,10,36162,2,0,2023-03-09,Pro,42,2058,24696,monthly,,664,49,28,27,2024-12-17,15,9.0,4.0,0.0,budget,False,0,83.9080459770115,56.00000000000001,10.0,75.0,60.4,Watch
A-5c9849,Company_362,EdTech,IN,2024-11-03,partner,Basic,19,False,False,9,36755,2,0,2024-11-10,Pro,19,931,11172,monthly,,52,46,23,30,2024-12-18,14,4.0,,1.0,unknown,False,0,85.05747126436782,68.0,40.0,74.10407725321888,69.6,Watch
A-a7bd4b,Company_363,Cybersecurity,US,2023-02-15,ads,Enterprise,5,False,False,11,6268,2,0,2023-03-19,Basic,18,342,4104,monthly,,654,55,37,29,2024-12-28,4,6.0,3.25,0.0,features,False,0,96.55172413793103,64.0,40.0,56.25,69.0,Watch
A-d4ac0e,Company_364,DevTools,UK,2024-04-20,ads,Basic,18,False,False,19,27557,3,0,2024-05-10,Pro,18,882,10584,monthly,,236,80,53,38,2024-12-26,6,4.0,3.5,0.0,never_churned,False,0,94.25287356321839,100.0,60.0,62.5,82.5,Healthy
A-ffdfd5,Company_365,EdTech,US,2024-04-13,organic,Basic,3,False,True,10,14322,1,0,2024-04-24,Pro,3,147,1764,monthly,2024-12-31,251,52,28,29,2024-12-21,11,0.0,,0.0,features,True,1764,88.50574712643679,64.0,100.0,74.10407725321888,81.8,Healthy
A-0dbdc6,Company_366,Cybersecurity,DE,2023-02-12,other,Pro,30,False,True,9,28273,0,0,2023-06-14,Pro,47,2303,27636,annual,,567,52,31,32,2024-12-31,1,4.0,5.0,0.0,pricing,True,27636,100.0,76.0,60.0,100.0,86.0,Healthy
A-7cfe77,Company_367,DevTools,US,2024-07-10,ads,Pro,69,False,False,5,12765,1,1,2024-07-30,Basic,69,1311,15732,annual,,155,19,11,16,2024-12-31,1,7.0,3.5,0.0,features,False,0,100.0,12.0,30.0,62.5,56.5,Watch
A-1f0636,Company_368,EdTech,AU,2024-01-01,partner,Pro,105,False,False,11,94710,3,0,2024-02-27,Enterprise,105,20895,250740,annual,,309,68,30,32,2024-12-29,3,2.0,3.5,0.0,never_churned,False,0,97.70114942528735,76.0,80.0,62.5,81.7,Healthy
A-40de06,Company_369,Cybersecurity,US,2023-05-08,event,Enterprise,28,False,True,16,28862,2,1,2023-06-03,Basic,28,532,6384,annual,,578,91,43,37,2024-12-17,15,3.0,4.0,0.0,never_churned,True,6384,83.9080459770115,96.0,70.0,75.0,82.4,Healthy
A-cb5333,Company_370,DevTools,US,2024-03-26,ads,Pro,33,False,False,16,26256,0,1,2024-04-01,Pro,33,1617,19404,monthly,,275,82,34,36,2024-12-21,11,4.0,3.0,0.0,features,False,0,88.50574712643679,92.0,60.0,50.0,76.0,Healthy
A-309e54,Company_371,DevTools,US,2024-12-09,other,Pro,15,False,False,11,28549,0,1,2024-12-13,Basic,15,285,3420,annual,,19,52,24,28,2024-12-17,15,5.0,3.0,0.0,support,False,0,83.9080459770115,60.0,50.0,50.0,64.4,Watch
A-6e7827,Company_372,DevTools,US,2023-03-26,other,Basic,1,False,False,9,8344,3,0,2023-06-11,Pro,17,833,9996,annual,,570,41,31,24,2024-12-21,11,2.0,3.5,0.0,features,False,0,88.50574712643679,44.0,80.0,62.5,70.5,Healthy
A-50bb9f,Company_373,Cybersecurity,US,2024-07-12,organic,Pro,2,False,False,8,17263,2,0,2024-07-22,Pro,54,2646,31752,annual,,163,24,15,18,2024-12-23,9,7.0,4.0,0.0,unknown,False,0,90.80459770114942,20.0,30.0,75.0,57.8,Watch
A-5fe118,Company_374,Cybersecurity,US,2024-11-07,other,Enterprise,39,False,False,5,22290,0,0,2024-12-02,Basic,39,0,0,monthly,,30,21,12,14,2024-12-19,13,1.0,4.0,0.0,features,False,0,86.20689655172414,4.0,90.0,75.0,64.2,Watch
A-5247b3,Company_375,FinTech,UK,2024-03-12,partner,Pro,16,True,False,11,11791,3,0,2024-03-23,Basic,74,1406,16872,annual,,284,60,29,32,2024-12-06,26,5.0,4.0,0.0,pricing,False,0,71.26436781609195,76.0,50.0,75.0,68.9,Watch
A-f44180,Company_376,Cybersecurity,UK,2023-02-13,event,Pro,9,False,False,11,28788,0,0,2023-03-25,Basic,10,0,0,annual,,648,52,22,27,2024-12-15,17,2.0,5.0,0.0,competitor,False,0,81.60919540229885,56.00000000000001,80.0,100.0,78.6,Healthy
A-c16cf7,Company_377,EdTech,US,2024-10-16,event,Pro,13,True,False,10,12274,0,0,2024-10-18,Basic,35,665,7980,annual,,75,58,26,33,2024-12-28,4,3.0,3.5,0.0,support,False,0,96.55172413793103,80.0,70.0,62.5,80.3,Healthy
A-d42431,Company_378,FinTech,FR,2024-06-09,ads,Enterprise,22,True,False,9,21160,1,1,2024-06-11,Enterprise,22,4378,52536,annual,,204,47,34,26,2024-12-06,26,4.0,4.0,0.0,budget,False,0,71.26436781609195,52.0,60.0,75.0,64.9,Watch
A-6965e1,Company_379,DevTools,US,2024-11-25,organic,Basic,13,False,False,12,27765,1,1,2024-12-05,Basic,13,247,2964,monthly,,27,59,29,27,2024-12-28,4,3.0,3.0,0.0,features,False,0,96.55172413793103,56.00000000000001,70.0,50.0,71.8,Healthy
A-0354fe,Company_380,Cybersecurity,US,2024-10-22,other,Basic,34,False,False,7,15470,1,0,2024-11-03,Enterprise,34,6766,81192,monthly,,59,45,30,28,2024-12-31,1,4.0,4.0,0.0,support,False,0,100.0,60.0,60.0,75.0,77.0,Healthy
A-0a62f5,Company_381,FinTech,UK,2024-09-11,partner,Pro,16,False,False,4,4861,0,0,2024-09-16,Basic,25,475,5700,monthly,,107,25,7,20,2024-11-20,42,2.0,,0.0,support,False,0,52.87356321839081,28.000000000000004,80.0,74.10407725321888,56.3,Watch
A-f5641b,Company_382,EdTech,US,2024-03-30,other,Pro,31,False,False,10,39120,1,1,2024-04-21,Enterprise,45,8955,107460,monthly,,255,39,18,27,2024-12-11,21,4.0,3.0,1.0,features,False,0,77.01149425287356,56.00000000000001,40.0,50.0,59.0,Watch
A-b44e3e,Company_383,Cybersecurity,UK,2024-02-12,ads,Basic,40,False,False,7,43521,3,0,2024-02-28,Enterprise,40,7960,95520,annual,2024-12-27,303,38,13,20,2024-11-29,33,3.0,4.333333333333333,0.0,unknown,False,0,63.2183908045977,28.000000000000004,70.0,83.33333333333333,59.8,Watch
A-3b37d9,Company_384,FinTech,US,2023-01-27,event,Enterprise,23,False,False,7,19435,2,0,2023-04-11,Enterprise,23,4577,54924,annual,,631,43,21,26,2024-12-14,18,5.0,4.5,0.0,support,False,0,80.45977011494253,52.0,50.0,87.5,68.7,Watch
A-54d94a,Company_385,Cybersecurity,IN,2023-05-01,event,Basic,27,False,False,11,12557,1,1,2023-11-29,Basic,27,513,6156,annual,,399,59,28,30,2024-12-30,2,4.0,3.5,0.0,never_churned,False,0,98.85057471264368,68.0,60.0,62.5,76.1,Healthy
A-7f29a7,Company_386,Cybersecurity,UK,2024-09-18,event,Basic,41,True,False,11,18860,0,0,2024-09-26,Pro,41,2009,24108,monthly,,97,62,38,32,2024-12-14,18,1.0,4.0,0.0,unknown,False,0,80.45977011494253,76.0,90.0,75.0,80.2,Healthy
A-089363,Company_387,FinTech,AU,2023-05-06,event,Basic,2,False,False,14,21104,2,0,2023-06-03,Enterprise,9,0,0,annual,,578,61,33,30,2024-12-05,27,3.0,3.6666666666666665,0.0,pricing,False,0,70.11494252873563,68.0,70.0,66.66666666666666,68.9,Watch
A-524364,Company_388,DevTools,FR,2024-12-31,partner,Enterprise,3,False,False,6,9552,0,0,2024-12-31,Pro,11,539,6468,monthly,,1,26,24,18,2024-09-23,100,3.0,4.333333333333333,0.0,never_churned,False,0,0.0,20.0,70.0,83.33333333333333,35.7,At Risk
A-855a48,Company_389,EdTech,US,2023-12-22,partner,Pro,14,True,False,8,30376,0,1,2024-01-30,Enterprise,60,11940,143280,annual,,337,44,16,26,2024-11-19,43,5.0,3.6666666666666665,0.0,unknown,False,0,51.724137931034484,52.0,50.0,66.66666666666666,54.4,Watch
A-756192,Company_390,FinTech,IN,2023-06-11,other,Basic,19,False,False,10,21400,1,0,2023-09-17,Pro,38,1862,22344,annual,,472,64,43,32,2024-12-29,3,3.0,4.0,0.0,never_churned,False,0,97.70114942528735,76.0,70.0,75.0,82.2,Healthy
A-49b828,Company_391,FinTech,IN,2023-05-05,ads,Pro,6,False,False,14,31108,2,0,2023-05-11,Enterprise,20,3980,47760,annual,,601,65,45,29,2024-12-21,11,3.0,3.5,1.0,never_churned,False,0,88.50574712643679,64.0,50.0,62.5,69.5,Watch
A-c7ffc2,Company_392,Cybersecurity,US,2023-01-27,partner,Pro,30,True,False,12,36112,3,0,2023-05-25,Basic,49,931,11172,monthly,,587,62,28,30,2024-12-30,2,2.0,3.0,0.0,features,False,0,98.85057471264368,68.0,80.0,50.0,77.6,Healthy
A-751c58,Company_393,FinTech,UK,2024-07-18,organic,Basic,15,False,False,11,19597,4,0,2024-07-29,Basic,71,1349,16188,annual,,156,53,12,31,2024-12-29,3,5.0,4.333333333333333,0.0,budget,False,0,97.70114942528735,72.0,50.0,83.33333333333333,78.9,Healthy
A-72799b,Company_394,DevTools,FR,2023-11-13,event,Enterprise,20,False,True,10,17315,2,1,2023-11-17,Pro,61,2989,35868,annual,,411,56,34,31,2024-12-27,5,2.0,4.5,1.0,pricing,True,35868,95.40229885057471,72.0,60.0,87.5,80.9,Healthy
A-812c5b,Company_395,DevTools,CA,2024-02-25,organic,Basic,55,False,True,13,29884,0,0,2024-04-03,Pro,55,2695,32340,monthly,,273,88,46,33,2024-12-28,4,4.0,4.0,0.0,support,True,32340,96.55172413793103,80.0,60.0,75.0,80.8,Healthy
A-69b156,Company_396,EdTech,US,2023-11-21,other,Pro,7,False,True,9,14293,0,2,2023-12-27,Basic,8,152,1824,monthly,2024-12-30,369,36,20,24,2024-12-12,20,7.0,4.0,0.0,never_churned,True,1824,78.16091954022988,44.0,30.0,75.0,59.4,Watch
A-075038,Company_397,HealthTech,UK,2023-05-12,ads,Basic,17,False,False,14,18909,1,0,2023-07-14,Basic,42,798,9576,monthly,,537,70,31,32,2024-12-21,11,2.0,3.0,0.0,features,False,0,88.50574712643679,76.0,80.0,50.0,76.0,Healthy
A-940b8b,Company_398,HealthTech,DE,2024-03-19,organic,Basic,1,False,False,8,9640,1,1,2024-04-01,Enterprise,7,0,0,annual,,275,35,32,23,2024-10-28,65,3.0,4.0,0.0,never_churned,False,0,26.436781609195407,40.0,70.0,75.0,48.3,Watch
A-2d1036,Company_399,FinTech,US,2024-06-14,ads,Pro,69,False,True,13,64653,0,1,2024-07-03,Pro,69,3381,40572,monthly,,182,69,40,31,2024-12-30,2,5.0,4.6,1.0,pricing,True,40572,98.85057471264368,72.0,30.0,89.99999999999999,76.6,Healthy
A-0f6450,Company_400,FinTech,US,2024-12-27,other,Pro,28,True,True,11,23800,0,0,2024-12-27,Basic,28,532,6384,annual,,5,54,39,31,2024-11-08,54,8.0,3.8333333333333335,1.0,competitor,True,6384,39.08045977011494,72.0,0.0,70.83333333333334,45.8,Watch
A-9affe6,Company_401,Cybersecurity,US,2023-03-22,other,Pro,7,False,False,11,10636,2,0,2023-04-06,Pro,23,1127,13524,monthly,,636,47,16,26,2024-12-31,1,3.0,3.0,0.0,features,False,0,100.0,52.0,70.0,50.0,72.0,Healthy
A-80eeb6,Company_402,Cybersecurity,UK,2023-05-09,organic,Enterprise,22,False,False,16,68489,4,1,2023-07-15,Enterprise,22,4378,52536,annual,2024-12-31,535,76,43,38,2024-12-23,9,4.0,3.6666666666666665,1.0,budget,False,0,90.80459770114942,100.0,40.0,66.66666666666666,78.1,Healthy
A-d4e0d4,Company_403,FinTech,US,2024-10-18,other,Basic,117,False,False,10,138060,1,1,2024-10-18,Enterprise,117,23283,279396,annual,,75,49,33,30,2024-12-04,28,4.0,4.0,0.0,never_churned,False,0,68.9655172413793,68.0,60.0,75.0,68.1,Watch
A-c7e58b,Company_404,HealthTech,IN,2023-06-25,other,Pro,3,False,False,7,5384,0,0,2023-08-30,Pro,16,0,0,monthly,,490,34,18,22,2024-11-19,43,5.0,3.5,0.0,never_churned,False,0,51.724137931034484,36.0,50.0,62.5,49.6,Watch
A-016043,Company_405,EdTech,CA,2024-07-31,organic,Basic,4,True,False,11,16516,3,0,2024-08-02,Basic,26,494,5928,monthly,,152,47,21,26,2024-12-31,1,3.0,4.0,0.0,competitor,False,0,100.0,52.0,70.0,75.0,77.0,Healthy
A-bbe56f,Company_406,HealthTech,US,2023-02-16,ads,Enterprise,21,False,False,5,6025,1,0,2023-08-29,Basic,22,418,5016,annual,,491,22,8,13,2024-12-02,30,4.0,4.0,0.0,never_churned,False,0,66.66666666666667,0.0,60.0,75.0,50.3,Watch
A-7c5768,Company_407,HealthTech,UK,2024-03-02,event,Enterprise,3,False,False,9,3389,0,0,2024-03-05,Enterprise,26,0,0,monthly,,302,46,31,27,2024-12-02,30,5.0,4.0,0.0,never_churned,False,0,66.66666666666667,56.00000000000001,50.0,75.0,62.3,Watch
A-751bd4,Company_408,Cybersecurity,UK,2024-07-12,partner,Pro,10,False,False,2,190,0,0,2024-09-18,Pro,35,0,0,annual,,105,10,0,9,2024-12-18,14,6.0,4.25,1.0,budget,False,0,85.05747126436782,0.0,20.0,81.25,50.0,Watch
A-4e0e85,Company_409,DevTools,US,2023-09-08,organic,Enterprise,6,False,False,8,4544,1,0,2024-02-16,Enterprise,39,0,0,annual,,320,31,9,20,2024-12-28,4,2.0,5.0,0.0,pricing,False,0,96.55172413793103,28.000000000000004,80.0,100.0,76.8,Healthy
A-ad3abd,Company_410,FinTech,US,2023-03-03,event,Pro,44,False,False,7,16896,0,0,2023-03-18,Pro,44,2156,25872,monthly,,655,29,11,20,2024-11-21,41,3.0,3.0,0.0,competitor,False,0,54.02298850574713,28.000000000000004,70.0,50.0,49.9,Watch
A-e19ff6,Company_411,Cybersecurity,UK,2023-07-28,partner,Enterprise,1,False,False,12,4910,1,0,2023-08-09,Pro,26,1274,15288,monthly,,511,45,24,26,2024-12-16,16,3.0,4.666666666666667,0.0,competitor,False,0,82.75862068965517,52.0,70.0,91.66666666666667,74.3,Healthy
A-7920cc,Company_412,Cybersecurity,FR,2023-11-23,ads,Pro,39,False,False,16,52089,1,0,2023-11-27,Enterprise,69,13731,164772,annual,,401,62,28,32,2024-12-20,12,7.0,4.333333333333333,0.0,never_churned,False,0,87.35632183908046,76.0,30.0,83.33333333333333,72.2,Healthy
A-5a92e7,Company_413,HealthTech,US,2024-06-11,ads,Pro,4,False,False,19,12671,0,0,2024-06-13,Pro,9,0,0,monthly,,202,85,76,37,2024-12-24,8,7.0,4.4,0.0,budget,False,0,91.95402298850574,96.0,30.0,85.00000000000001,79.2,Healthy
A-fdfc91,Company_414,Cybersecurity,US,2023-05-06,ads,Basic,29,False,False,10,20612,1,0,2023-07-30,Basic,111,2109,25308,monthly,,521,56,29,32,2024-11-19,43,5.0,3.6666666666666665,0.0,never_churned,False,0,51.724137931034484,76.0,50.0,66.66666666666666,60.4,Watch
A-1e50e0,Company_415,Cybersecurity,DE,2023-02-21,other,Pro,19,True,True,5,13295,1,0,2023-03-23,Enterprise,19,3781,45372,annual,,650,20,15,17,2024-12-10,22,2.0,5.0,1.0,pricing,True,45372,75.86206896551724,16.0,60.0,100.0,62.6,Watch
A-1e1b80,Company_416,FinTech,CA,2023-09-12,other,Enterprise,50,False,False,12,48647,1,0,2023-10-11,Basic,50,950,11400,annual,,448,68,47,34,2024-12-18,14,6.0,3.2,0.0,features,False,0,85.05747126436782,84.0,40.0,55.00000000000001,69.8,Watch
A-659280,Company_417,FinTech,IN,2023-11-17,event,Enterprise,13,True,True,12,21450,2,0,2023-11-25,Basic,17,0,0,annual,,403,60,34,30,2024-12-24,8,4.0,4.333333333333333,0.0,pricing,True,0,91.95402298850574,68.0,60.0,83.33333333333333,77.9,Healthy
A-f6b2fb,Company_418,DevTools,AU,2024-04-23,event,Basic,23,False,False,10,23359,1,1,2024-05-23,Basic,23,437,5244,monthly,,223,55,37,29,2024-12-24,8,5.0,4.0,1.0,support,False,0,91.95402298850574,64.0,30.0,75.0,69.2,Watch
A-cb6cc6,Company_419,DevTools,US,2023-04-03,ads,Basic,13,True,False,7,2622,2,0,2023-04-20,Pro,25,1225,14700,monthly,,622,35,26,21,2024-12-21,11,3.0,3.5,0.0,never_churned,False,0,88.50574712643679,32.0,70.0,62.5,65.5,Watch
A-d62e02,Company_420,Cybersecurity,US,2024-08-20,partner,Pro,6,False,False,10,21324,1,1,2024-09-03,Enterprise,6,1194,14328,monthly,,120,34,23,25,2024-12-22,10,1.0,4.0,0.0,never_churned,False,0,89.65517241379311,48.0,90.0,75.0,76.4,Healthy
A-d535f6,Company_421,DevTools,US,2024-09-03,organic,Basic,12,True,True,9,7415,1,3,2024-09-21,Enterprise,12,0,0,monthly,,102,47,29,26,2024-12-25,7,0.0,,0.0,features,True,0,93.10344827586206,52.0,100.0,74.10407725321888,80.4,Healthy
A-39868b,Company_422,FinTech,AU,2024-03-17,partner,Pro,9,False,False,5,4194,1,0,2024-04-25,Basic,17,0,0,annual,,251,28,21,22,2024-12-14,18,6.0,4.25,0.0,budget,False,0,80.45977011494253,36.0,40.0,81.25,61.4,Watch
A-3cc791,Company_423,EdTech,US,2024-01-10,other,Enterprise,6,False,False,8,8522,0,0,2024-01-31,Pro,36,1764,21168,monthly,,336,46,30,28,2024-11-25,37,6.0,4.25,1.0,features,False,0,58.62068965517241,60.0,20.0,81.25,55.8,Watch
A-337bc1,Company_424,Cybersecurity,US,2023-07-19,organic,Pro,30,True,False,7,19379,2,2,2023-08-02,Pro,30,0,0,annual,,518,43,34,27,2024-12-05,27,4.0,4.0,1.0,unknown,False,0,70.11494252873563,56.00000000000001,40.0,75.0,61.5,Watch
A-58b9ff,Company_425,DevTools,IN,2024-05-31,partner,Enterprise,2,False,False,13,22642,1,1,2024-06-17,Pro,33,1617,19404,monthly,,198,65,32,28,2024-12-19,13,2.0,4.0,1.0,pricing,False,0,86.20689655172414,60.0,60.0,75.0,72.2,Healthy
A-bf7919,Company_426,HealthTech,US,2024-11-27,organic,Pro,3,False,False,6,1560,0,0,2024-12-07,Enterprise,11,0,0,annual,,25,26,14,23,2024-11-22,40,2.0,5.0,0.0,features,False,0,55.172413793103445,40.0,80.0,100.0,65.3,Watch
A-1d5444,Company_427,Cybersecurity,US,2024-01-18,partner,Basic,24,False,True,14,30958,2,0,2024-03-19,Basic,24,0,0,annual,,288,59,35,28,2024-12-21,11,2.0,4.0,0.0,support,True,0,88.50574712643679,60.0,80.0,75.0,77.0,Healthy
A-0f3e88,Company_428,HealthTech,US,2023-07-23,other,Basic,7,False,True,11,5624,2,0,2023-08-05,Pro,7,343,4116,monthly,2024-12-23,506,59,28,32,2024-12-29,3,3.0,4.5,0.0,budget,True,4116,97.70114942528735,76.0,70.0,87.5,84.7,Healthy
A-7641d3,Company_429,EdTech,US,2023-02-16,partner,Pro,8,True,True,11,12060,0,1,2023-04-12,Basic,10,190,2280,annual,,630,50,26,28,2024-12-24,8,5.0,4.333333333333333,2.0,unknown,True,2280,91.95402298850574,60.0,10.0,83.33333333333333,65.9,Watch
A-cd458b,Company_430,DevTools,US,2024-06-15,other,Basic,10,True,False,15,43291,0,1,2024-07-12,Enterprise,10,1990,23880,monthly,,173,84,45,34,2024-12-31,1,5.0,4.6,0.0,budget,False,0,100.0,84.0,50.0,89.99999999999999,84.0,Healthy
A-c16b88,Company_431,HealthTech,US,2023-12-02,event,Enterprise,23,False,False,9,20338,2,0,2024-03-08,Enterprise,23,4577,54924,annual,,299,48,24,28,2024-11-19,43,3.0,3.0,0.0,competitor,False,0,51.724137931034484,60.0,70.0,50.0,57.1,Watch
A-59f724,Company_432,HealthTech,US,2023-11-03,other,Enterprise,3,True,False,12,9773,2,0,2024-01-01,Basic,18,342,4104,monthly,,366,68,47,33,2024-12-07,25,4.0,4.25,0.0,never_churned,False,0,72.41379310344828,80.0,60.0,81.25,73.6,Healthy
A-87aa7b,Company_433,HealthTech,US,2024-05-16,organic,Pro,24,True,False,16,22881,4,2,2024-05-22,Pro,51,2499,29988,monthly,,224,72,35,31,2024-12-26,6,3.0,,1.0,budget,False,0,94.25287356321839,72.0,50.0,74.10407725321888,75.8,Healthy
A-1e6fc3,Company_434,EdTech,FR,2023-12-06,other,Pro,1,False,False,4,444,0,0,2024-01-11,Enterprise,1,199,2388,annual,,356,26,19,19,2024-10-04,89,5.0,3.6666666666666665,0.0,pricing,False,0,0.0,24.0,50.0,66.66666666666666,29.3,At Risk
A-39ddf4,Company_435,EdTech,US,2024-12-05,partner,Enterprise,40,False,False,9,35836,0,0,2024-12-07,Enterprise,40,7960,95520,monthly,,25,46,36,27,2024-12-15,17,5.0,4.25,0.0,support,False,0,81.60919540229885,56.00000000000001,50.0,81.25,68.8,Watch
A-34ea2f,Company_436,HealthTech,US,2024-08-15,organic,Enterprise,8,False,True,12,14583,3,0,2024-09-05,Enterprise,16,3184,38208,annual,,118,57,30,29,2024-12-27,5,8.0,3.8,0.0,unknown,True,38208,95.40229885057471,64.0,20.0,70.0,67.4,Watch
A-716841,Company_437,FinTech,US,2024-05-06,other,Pro,45,False,False,8,26234,0,0,2024-05-13,Enterprise,45,8955,107460,monthly,,233,34,13,26,2024-12-20,12,5.0,4.0,0.0,unknown,False,0,87.35632183908046,52.0,50.0,75.0,68.6,Watch
A-558c72,Company_438,FinTech,US,2023-06-01,organic,Basic,12,False,False,7,9171,1,0,2023-06-12,Pro,15,735,8820,annual,,569,30,16,19,2024-12-14,18,4.0,4.5,1.0,support,False,0,80.45977011494253,24.0,40.0,87.5,59.7,Watch
A-b11cd0,Company_439,DevTools,US,2023-01-20,ads,Pro,26,True,True,6,4806,0,0,2023-02-16,Pro,26,1274,15288,annual,,685,29,16,21,2024-12-21,11,4.0,4.0,0.0,never_churned,True,15288,88.50574712643679,32.0,60.0,75.0,66.0,Watch
A-cc1d8d,Company_440,FinTech,US,2024-12-08,other,Pro,5,False,False,13,8947,1,1,2024-12-08,Enterprise,6,1194,14328,annual,,24,63,48,33,2024-12-15,17,5.0,4.5,0.0,unknown,False,0,81.60919540229885,80.0,50.0,87.5,76.1,Healthy
A-7f4db3,Company_441,FinTech,US,2023-03-05,other,Pro,4,False,False,15,26276,0,1,2023-03-11,Enterprise,24,4776,57312,annual,2024-12-14,644,90,46,36,2024-12-20,12,5.0,3.25,1.0,support,False,0,87.35632183908046,92.0,30.0,56.25,70.8,Healthy
A-db5e9e,Company_442,DevTools,US,2024-11-09,partner,Basic,4,False,False,8,9251,0,1,2024-11-12,Pro,12,588,7056,annual,,50,57,27,29,2024-12-31,1,2.0,5.0,0.0,pricing,False,0,100.0,64.0,80.0,100.0,87.0,Healthy
A-cc102e,Company_443,HealthTech,US,2024-04-15,partner,Enterprise,13,False,False,10,10063,1,0,2024-05-06,Basic,13,247,2964,annual,,240,43,39,26,2024-12-28,4,4.0,4.333333333333333,0.0,pricing,False,0,96.55172413793103,52.0,60.0,83.33333333333333,75.5,Healthy
A-82d8a6,Company_444,Cybersecurity,UK,2024-11-28,ads,Basic,5,False,False,17,27966,5,2,2024-12-03,Pro,5,245,2940,annual,2024-12-31,28,70,38,32,2024-12-17,15,5.0,3.5,0.0,features,False,0,83.9080459770115,76.0,50.0,62.5,70.9,Healthy
A-dec005,Company_445,HealthTech,US,2023-10-13,partner,Pro,21,False,False,10,30744,1,0,2023-10-17,Enterprise,54,10746,128952,annual,2024-12-03,413,51,44,31,2024-12-27,5,2.0,3.0,0.0,support,False,0,95.40229885057471,72.0,80.0,50.0,77.4,Healthy
A-5790f4,Company_446,FinTech,UK,2024-12-22,event,Pro,1,True,False,6,18926,0,0,2024-12-22,Enterprise,8,1592,19104,annual,2024-12-29,7,35,26,25,2024-12-09,23,4.0,4.0,1.0,competitor,False,0,74.71264367816092,48.0,40.0,75.0,61.1,Watch
A-7c83a1,Company_447,Cybersecurity,US,2024-05-06,partner,Pro,12,False,False,12,16731,0,1,2024-05-14,Pro,24,1176,14112,monthly,,232,62,23,29,2024-12-31,1,4.0,4.0,0.0,unknown,False,0,100.0,64.0,60.0,75.0,78.0,Healthy
A-297a2d,Company_448,HealthTech,UK,2023-05-05,event,Pro,27,False,False,5,14373,3,0,2023-08-15,Enterprise,27,5373,64476,annual,,505,25,22,23,2024-11-14,48,2.0,3.0,0.0,never_churned,False,0,45.97701149425287,40.0,80.0,50.0,52.1,Watch
A-4c56c9,Company_449,FinTech,US,2023-12-20,partner,Enterprise,9,False,True,13,30471,0,0,2024-05-13,Basic,18,342,4104,annual,,233,64,38,34,2024-12-08,24,5.0,3.75,0.0,budget,True,4104,73.5632183908046,84.0,50.0,68.75,70.5,Healthy
A-cbbe12,Company_450,Cybersecurity,DE,2023-03-22,partner,Enterprise,40,False,False,6,13081,1,1,2023-07-21,Enterprise,40,7960,95520,monthly,,530,22,10,14,2024-12-02,30,6.0,4.25,0.0,never_churned,False,0,66.66666666666667,4.0,40.0,81.25,48.6,Watch
A-4a267b,Company_451,FinTech,US,2024-05-05,other,Pro,25,False,False,10,29687,1,1,2024-05-09,Pro,25,0,0,annual,,237,50,22,31,2024-11-25,37,4.0,4.333333333333333,0.0,support,False,0,58.62068965517241,72.0,60.0,83.33333333333333,67.2,Watch
A-bcbe98,Company_452,Cybersecurity,US,2024-07-29,other,Enterprise,46,False,False,11,21666,2,1,2024-07-29,Basic,46,874,10488,monthly,,156,65,43,34,2024-12-14,18,7.0,4.0,1.0,competitor,False,0,80.45977011494253,84.0,10.0,75.0,66.2,Watch
A-427b69,Company_453,FinTech,US,2024-08-23,other,Basic,17,False,False,10,19958,0,0,2024-09-07,Basic,17,323,3876,monthly,,116,70,36,32,2024-12-27,5,2.0,3.0,0.0,never_churned,False,0,95.40229885057471,76.0,80.0,50.0,78.4,Healthy
A-0be015,Company_454,FinTech,US,2024-10-15,event,Pro,19,False,False,5,1178,0,0,2024-10-21,Basic,19,0,0,monthly,,72,28,13,19,2024-10-23,70,7.0,4.2,1.0,unknown,False,0,20.689655172413794,24.0,10.0,80.0,31.2,At Risk
A-054577,Company_455,EdTech,UK,2024-04-28,ads,Basic,2,False,False,16,44601,1,1,2024-05-03,Enterprise,85,16915,202980,monthly,,243,85,52,36,2024-12-31,1,1.0,4.0,0.0,never_churned,False,0,100.0,92.0,90.0,75.0,91.0,Healthy
A-bc87bc,Company_456,FinTech,US,2024-07-17,event,Pro,3,False,False,8,12032,0,0,2024-09-11,Basic,8,152,1824,monthly,,112,36,14,24,2024-12-21,11,7.0,3.75,0.0,never_churned,False,0,88.50574712643679,44.0,30.0,68.75,61.7,Watch
A-0f7d77,Company_457,FinTech,IN,2024-10-28,partner,Pro,3,False,False,6,2326,0,0,2024-11-11,Basic,7,133,1596,annual,,51,30,19,23,2024-12-30,2,5.0,5.0,0.0,competitor,False,0,98.85057471264368,40.0,50.0,100.0,74.6,Healthy
A-e7beab,Company_458,EdTech,DE,2023-10-20,organic,Enterprise,5,False,False,7,11332,0,0,2023-10-23,Pro,5,245,2940,monthly,2024-12-29,433,36,17,22,2024-10-13,80,6.0,4.0,0.0,features,False,0,9.195402298850581,36.0,40.0,75.0,35.2,At Risk
A-a09355,Company_459,FinTech,US,2024-08-10,organic,Basic,14,False,False,16,34140,0,1,2024-08-22,Pro,14,686,8232,monthly,,132,78,47,33,2024-12-31,1,5.0,4.0,0.0,support,False,0,100.0,80.0,50.0,75.0,80.0,Healthy
A-31ab9a,Company_460,FinTech,DE,2024-03-03,organic,Pro,3,False,False,7,15802,0,0,2024-03-23,Enterprise,14,2786,33432,monthly,,284,34,23,19,2024-12-01,31,7.0,3.5,0.0,competitor,False,0,65.51724137931035,24.0,30.0,62.5,47.4,Watch
A-0158bb,Company_461,FinTech,DE,2024-05-22,partner,Basic,5,False,False,6,4070,1,0,2024-05-30,Pro,45,2205,26460,annual,,216,36,22,19,2024-12-28,4,1.0,3.0,0.0,never_churned,False,0,96.55172413793103,24.0,90.0,50.0,67.8,Watch
A-f19b24,Company_462,Cybersecurity,US,2023-01-10,organic,Pro,29,True,False,3,2523,0,0,2024-03-17,Basic,29,551,6612,monthly,,290,12,10,12,2024-11-03,59,2.0,4.0,1.0,never_churned,False,0,33.33333333333334,0.0,60.0,75.0,38.7,At Risk
A-798a3f,Company_463,DevTools,FR,2023-10-19,other,Enterprise,12,False,True,9,14152,1,0,2023-12-25,Enterprise,13,2587,31044,monthly,,373,37,19,19,2024-12-01,31,5.0,4.0,0.0,support,True,31044,65.51724137931035,24.0,50.0,75.0,53.9,Watch
A-42b791,Company_464,FinTech,AU,2024-05-20,event,Pro,3,False,False,7,19060,0,0,2024-06-11,Basic,20,380,4560,monthly,,204,32,6,19,2024-12-20,12,3.0,4.0,0.0,never_churned,False,0,87.35632183908046,24.0,70.0,75.0,65.6,Watch
A-068fc6,Company_465,EdTech,US,2023-07-17,event,Enterprise,35,False,False,10,29085,1,0,2023-10-28,Enterprise,35,6965,83580,monthly,2024-12-25,424,59,29,32,2024-12-29,3,5.0,4.333333333333333,0.0,never_churned,False,0,97.70114942528735,76.0,50.0,83.33333333333333,79.9,Healthy
A-6f50ae,Company_466,FinTech,US,2023-09-21,partner,Pro,19,False,True,14,26608,0,1,2023-11-11,Enterprise,19,3781,45372,monthly,,417,83,48,35,2024-12-22,10,5.0,4.5,0.0,features,True,45372,89.65517241379311,88.0,50.0,87.5,80.9,Healthy
A-a2485e,Company_467,FinTech,US,2024-08-04,event,Pro,3,True,False,6,8775,0,1,2024-08-08,Enterprise,17,3383,40596,annual,,146,28,13,22,2024-11-27,35,0.0,,0.0,never_churned,False,0,60.91954022988506,36.0,100.0,74.10407725321888,65.1,Watch
A-bb1eaa,Company_468,Cybersecurity,US,2024-06-11,organic,Basic,21,False,False,5,10381,0,1,2024-06-30,Pro,25,1225,14700,annual,,185,17,7,15,2024-11-16,46,6.0,4.5,0.0,pricing,False,0,48.275862068965516,8.0,40.0,87.5,44.4,Watch
A-cc98bc,Company_469,DevTools,US,2023-05-24,ads,Basic,32,False,False,10,21567,1,0,2023-05-27,Basic,32,0,0,monthly,,585,53,24,29,2024-12-24,8,3.0,4.0,0.0,never_churned,False,0,91.95402298850574,64.0,70.0,75.0,77.2,Healthy
A-d77f4c,Company_470,DevTools,US,2023-09-25,partner,Pro,4,True,False,14,48726,4,1,2023-10-24,Pro,4,196,2352,annual,2024-12-18,421,62,32,31,2024-12-20,12,2.0,4.0,0.0,unknown,False,0,87.35632183908046,72.0,80.0,75.0,79.6,Healthy
A-ccabf0,Company_471,HealthTech,IN,2023-11-06,organic,Pro,1,False,False,10,22379,0,1,2023-11-07,Basic,25,0,0,annual,2024-11-06,365,50,29,31,2024-12-30,2,4.0,3.6666666666666665,0.0,features,False,0,98.85057471264368,72.0,60.0,66.66666666666666,77.9,Healthy
A-700ade,Company_472,Cybersecurity,UK,2024-10-31,organic,Enterprise,1,True,False,8,16875,0,0,2024-11-07,Basic,50,950,11400,monthly,,55,29,18,20,2024-10-12,81,4.0,4.666666666666667,0.0,never_churned,False,0,8.045977011494259,28.000000000000004,60.0,91.66666666666667,40.1,Watch
A-4a4c2d,Company_473,DevTools,US,2023-05-02,event,Enterprise,54,False,False,13,33966,1,1,2023-07-03,Pro,54,2646,31752,monthly,,548,59,37,28,2024-12-28,4,5.0,4.25,0.0,never_churned,False,0,96.55172413793103,60.0,50.0,81.25,75.0,Healthy
A-b7ef83,Company_474,Cybersecurity,UK,2024-05-29,partner,Pro,1,True,False,15,35868,2,0,2024-06-12,Pro,12,588,7056,monthly,,203,72,39,34,2024-12-25,7,2.0,4.0,0.0,budget,False,0,93.10344827586206,84.0,80.0,75.0,84.6,Healthy
A-e08cd3,Company_475,FinTech,US,2024-09-21,ads,Pro,67,True,False,11,71020,0,1,2024-09-30,Basic,67,1273,15276,annual,,93,43,21,30,2024-12-30,2,8.0,4.0,0.0,features,False,0,98.85057471264368,68.0,20.0,75.0,70.6,Healthy
A-19b2c8,Company_476,DevTools,IN,2023-06-06,other,Pro,20,False,False,13,26703,1,0,2023-06-19,Enterprise,20,3980,47760,monthly,,562,63,34,31,2024-12-30,2,3.0,4.666666666666667,0.0,pricing,False,0,98.85057471264368,72.0,70.0,91.66666666666667,84.9,Healthy
A-970c97,Company_477,HealthTech,DE,2024-03-01,other,Enterprise,14,False,False,8,15381,0,1,2024-03-06,Pro,19,931,11172,annual,,301,44,24,26,2024-12-30,2,1.0,5.0,0.0,never_churned,False,0,98.85057471264368,52.0,90.0,100.0,85.6,Healthy
A-6dee43,Company_478,FinTech,UK,2023-08-12,other,Basic,3,True,False,11,22770,1,0,2023-10-22,Pro,17,0,0,annual,,437,48,11,28,2024-11-18,44,5.0,4.333333333333333,0.0,pricing,False,0,50.57471264367816,60.0,50.0,83.33333333333333,59.4,Watch
A-5ed98d,Company_479,DevTools,US,2024-06-22,partner,Basic,24,False,False,8,15478,1,0,2024-06-28,Basic,38,0,0,annual,,187,32,18,23,2024-12-15,17,5.0,5.0,0.0,competitor,False,0,81.60919540229885,40.0,50.0,100.0,68.6,Watch
A-c58f49,Company_480,EdTech,US,2024-07-31,other,Enterprise,70,True,False,7,70980,1,0,2024-08-10,Enterprise,70,13930,167160,annual,,144,38,22,24,2024-12-09,23,3.0,5.0,1.0,support,False,0,74.71264367816092,44.0,50.0,100.0,67.1,Watch
A-9c18c4,Company_481,HealthTech,US,2023-07-27,ads,Pro,11,False,True,10,17823,3,0,2023-08-09,Enterprise,11,2189,26268,monthly,,511,56,37,30,2024-12-13,19,4.0,4.0,0.0,never_churned,True,26268,79.3103448275862,68.0,60.0,75.0,71.8,Healthy
A-cc8c8f,Company_482,DevTools,US,2024-06-16,ads,Enterprise,23,False,False,7,15600,1,1,2024-06-21,Basic,48,0,0,annual,,194,28,18,20,2024-11-21,41,2.0,3.5,0.0,budget,False,0,54.02298850574713,28.000000000000004,80.0,62.5,54.4,Watch
A-5f7781,Company_483,DevTools,US,2024-08-20,other,Pro,22,False,False,5,10252,1,0,2024-08-27,Pro,22,1078,12936,annual,,127,18,10,16,2024-12-25,7,2.0,4.0,0.0,pricing,False,0,93.10344827586206,12.0,80.0,75.0,66.6,Watch
A-e1b9cd,Company_484,DevTools,US,2023-02-26,event,Pro,40,False,True,15,37042,0,3,2023-03-21,Pro,40,1960,23520,monthly,,652,80,47,34,2024-12-12,20,1.0,3.0,0.0,unknown,True,23520,78.16091954022988,84.0,90.0,50.0,76.4,Healthy
A-ac85cd,Company_485,EdTech,US,2024-07-31,partner,Enterprise,53,False,False,12,41267,1,2,2024-08-02,Pro,85,4165,49980,annual,,152,63,29,30,2024-11-27,35,3.0,3.5,0.0,pricing,False,0,60.91954022988506,68.0,70.0,62.5,64.8,Watch
A-d792a6,Company_486,DevTools,US,2023-01-23,organic,Enterprise,4,False,False,15,23049,1,1,2023-02-06,Enterprise,65,12935,155220,annual,,695,68,40,32,2024-12-31,1,5.0,4.0,0.0,support,False,0,100.0,76.0,50.0,75.0,79.0,Healthy
A-ac9111,Company_487,HealthTech,US,2023-08-12,event,Pro,21,True,False,16,26626,0,1,2023-09-06,Basic,21,399,4788,annual,,483,83,46,36,2024-12-27,5,3.0,5.0,0.0,budget,False,0,95.40229885057471,92.0,70.0,100.0,90.4,Healthy
A-18793f,Company_488,EdTech,US,2024-12-18,organic,Basic,148,True,False,11,78588,1,0,2024-12-19,Basic,148,0,0,monthly,,13,48,20,30,2024-12-12,20,5.0,3.8,0.0,support,False,0,78.16091954022988,68.0,50.0,70.0,68.4,Watch
A-9f0b68,Company_489,EdTech,US,2024-04-28,ads,Basic,10,False,False,12,28518,2,1,2024-05-17,Pro,18,0,0,annual,,229,70,33,36,2024-12-27,5,3.0,3.0,0.0,pricing,False,0,95.40229885057471,92.0,70.0,50.0,80.4,Healthy
A-d3c88e,Company_490,DevTools,US,2024-10-18,event,Pro,16,False,False,13,26183,3,0,2024-10-23,Enterprise,16,3184,38208,monthly,,70,64,48,33,2024-12-21,11,3.0,4.0,0.0,support,False,0,88.50574712643679,80.0,70.0,75.0,80.0,Healthy
A-ccb686,Company_491,DevTools,US,2024-01-22,other,Basic,10,False,False,12,21541,4,1,2024-02-02,Basic,11,209,2508,annual,,334,70,46,35,2024-12-28,4,1.0,4.0,0.0,competitor,False,0,96.55172413793103,88.0,90.0,75.0,88.8,Healthy
A-118f1c,Company_492,Cybersecurity,US,2024-10-31,other,Pro,32,False,False,8,52160,0,0,2024-10-31,Enterprise,32,6368,76416,annual,,62,38,14,22,2024-10-05,88,1.0,3.0,0.0,budget,False,0,0.0,36.0,90.0,50.0,37.0,At Risk
A-0e966d,Company_493,FinTech,IN,2024-06-25,ads,Basic,11,False,True,11,12445,0,0,2024-06-30,Basic,11,209,2508,annual,2024-11-30,153,64,34,31,2024-12-14,18,3.0,4.5,1.0,never_churned,True,2508,80.45977011494253,72.0,50.0,87.5,73.7,Healthy
A-b9f5b1,Company_494,Cybersecurity,US,2023-01-24,other,Pro,15,True,False,7,7072,0,0,2023-03-12,Enterprise,15,2985,35820,annual,,661,30,12,21,2024-11-29,33,6.0,3.333333333333333,1.0,features,False,0,63.2183908045977,32.0,20.0,58.33333333333333,45.8,Watch
A-8ae3fc,Company_495,DevTools,CA,2024-06-28,ads,Pro,9,False,False,8,4447,0,0,2024-07-17,Basic,20,380,4560,monthly,,168,39,30,26,2024-12-24,8,4.0,3.5,0.0,budget,False,0,91.95402298850574,52.0,60.0,62.5,69.7,Watch
A-55f257,Company_496,FinTech,US,2023-12-21,organic,Basic,9,False,False,10,12137,3,0,2024-01-12,Enterprise,21,4179,50148,monthly,,355,53,25,31,2024-12-31,1,6.0,5.0,0.0,never_churned,False,0,100.0,72.0,40.0,100.0,81.0,Healthy
A-d26ab4,Company_497,DevTools,UK,2024-11-07,organic,Basic,9,False,True,9,16613,0,1,2024-11-08,Enterprise,33,6567,78804,monthly,,54,46,24,24,2024-12-09,23,2.0,4.0,0.0,pricing,True,78804,74.71264367816092,44.0,80.0,75.0,68.1,Watch
A-712533,Company_498,EdTech,US,2023-07-31,organic,Pro,18,False,False,12,19382,1,0,2023-08-13,Pro,18,882,10584,monthly,,507,55,35,32,2024-12-12,20,5.0,3.75,0.0,unknown,False,0,78.16091954022988,76.0,50.0,68.75,70.1,Healthy
A-781cc0,Company_499,EdTech,US,2024-09-04,organic,Pro,12,False,False,16,18315,2,0,2024-09-04,Basic,12,228,2736,annual,,119,87,42,31,2024-12-30,2,4.0,3.6666666666666665,0.0,budget,False,0,98.85057471264368,72.0,60.0,66.66666666666666,77.9,Healthy
